production_id,product_id,factory_id,quantity_ordered,quantity_produced,start_date,end_date,status
1,197,2,497,0,2023-08-25,2023-11-11,Pending
2,80,1,145,145,2023-11-14,2024-01-23,Completed
3,507,3,258,245,2023-03-10,2023-03-25,In Progress
4,272,2,116,116,2023-06-01,2023-06-27,Completed
5,423,1,143,91,2023-11-13,2024-01-07,In Progress
6,601,1,270,270,2023-12-16,2024-02-12,Completed
7,595,1,489,246,2023-04-27,2023-05-23,In Progress
8,161,5,341,341,2023-06-11,2023-09-07,Completed
9,9,2,253,0,2024-03-01,2024-04-12,Pending
10,616,1,65,0,2024-03-19,2024-04-16,Cancelled
11,66,2,423,0,2023-01-06,2023-03-02,Pending
12,482,2,257,257,2023-12-24,2024-01-26,Completed
13,526,4,489,454,2023-10-31,2023-12-03,In Progress
14,434,5,81,49,2023-11-27,2024-01-10,In Progress
15,111,3,146,78,2023-07-05,2023-08-24,In Progress
16,581,2,109,0,2024-03-11,2024-06-07,Pending
17,499,5,400,55,2023-10-30,2024-01-17,In Progress
18,525,4,447,447,2023-05-07,2023-06-07,Completed
19,290,2,403,182,2024-05-13,2024-07-08,In Progress
20,405,3,253,161,2024-03-02,2024-04-28,In Progress
21,303,4,72,72,2023-09-06,2023-11-08,Completed
22,62,5,69,69,2024-03-24,2024-06-21,Completed
23,268,1,349,349,2024-05-01,2024-06-21,Completed
24,88,4,494,0,2024-04-04,2024-06-24,Pending
25,268,1,82,63,2023-11-22,2024-01-18,In Progress
26,197,3,316,316,2023-02-17,2023-03-06,Completed
27,54,2,90,90,2023-09-27,2023-10-26,Completed
28,10,3,75,75,2023-05-04,2023-05-28,Completed
29,105,3,200,164,2023-08-14,2023-09-29,In Progress
30,290,2,175,175,2023-06-03,2023-06-20,Completed
31,341,1,279,279,2023-08-22,2023-09-26,Completed
32,471,2,92,92,2024-04-29,2024-07-20,Completed
33,403,2,495,296,2024-05-28,2024-06-11,In Progress
34,583,5,231,231,2023-05-19,2023-07-22,Completed
35,517,5,442,54,2023-08-21,2023-10-11,In Progress
36,554,3,406,0,2023-05-13,2023-06-03,Pending
37,590,5,116,0,2023-10-27,2023-11-16,Pending
38,290,3,340,136,2023-05-31,2023-08-08,In Progress
39,150,4,185,87,2024-01-03,2024-03-26,In Progress
40,177,4,145,109,2023-12-04,2023-12-19,In Progress
41,464,5,146,0,2023-12-23,2024-02-02,Pending
42,81,3,315,0,2023-12-11,2024-02-04,Pending
43,175,5,434,434,2023-08-04,2023-10-01,Completed
44,114,1,201,0,2023-10-22,2024-01-19,Cancelled
45,58,4,64,64,2023-09-30,2023-11-12,Completed
46,441,4,430,0,2023-08-08,2023-09-18,Pending
47,348,1,477,477,2024-04-20,2024-06-27,Completed
48,18,4,500,500,2023-09-21,2023-12-04,Completed
49,409,2,498,75,2023-03-16,2023-05-09,In Progress
50,189,4,191,191,2024-05-19,2024-07-23,Completed
51,238,1,245,245,2024-03-08,2024-03-27,Completed
52,528,1,173,134,2024-02-26,2024-05-15,In Progress
53,208,2,432,432,2023-05-29,2023-07-30,Completed
54,188,3,327,0,2023-09-16,2023-12-05,Cancelled
55,112,3,226,226,2023-03-11,2023-03-27,Completed
56,434,3,457,332,2024-03-04,2024-04-16,In Progress
57,268,1,206,206,2023-01-01,2023-02-26,Completed
58,400,1,324,324,2023-05-01,2023-07-15,Completed
59,389,1,188,188,2023-01-28,2023-03-03,Completed
60,326,4,230,230,2023-11-03,2023-12-06,Completed
61,423,2,273,0,2023-04-06,2023-06-17,Pending
62,413,3,107,107,2024-03-23,2024-05-07,Completed
63,51,5,412,412,2023-04-06,2023-05-15,Completed
64,435,5,171,12,2024-04-01,2024-05-16,In Progress
65,570,1,61,50,2023-10-11,2023-12-06,In Progress
66,164,4,301,0,2023-07-14,2023-08-30,Cancelled
67,478,2,312,312,2024-03-05,2024-04-01,Completed
68,46,1,206,145,2024-02-12,2024-03-16,In Progress
69,42,5,480,0,2023-12-26,2024-02-10,Pending
70,519,4,469,469,2023-08-26,2023-11-13,Completed
71,442,2,465,465,2023-03-09,2023-04-05,Completed
72,92,2,78,78,2024-04-08,2024-05-06,Completed
73,568,5,220,0,2023-10-02,2023-11-20,Pending
74,379,1,347,347,2023-07-31,2023-08-15,Completed
75,175,2,189,178,2023-05-24,2023-07-07,In Progress
76,314,3,372,372,2023-12-29,2024-02-24,Completed
77,593,4,476,476,2024-04-17,2024-07-10,Completed
78,138,2,61,61,2023-09-06,2023-10-22,Completed
79,120,3,113,0,2024-04-17,2024-06-05,Pending
80,426,4,235,235,2023-05-12,2023-07-07,Completed
81,440,4,107,107,2024-02-21,2024-05-15,Completed
82,343,4,240,240,2023-03-19,2023-05-12,Completed
83,567,3,485,485,2024-02-14,2024-03-12,Completed
84,130,5,376,376,2024-04-16,2024-05-16,Completed
85,612,2,288,288,2023-01-25,2023-04-05,Completed
86,458,4,471,471,2023-08-18,2023-10-18,Completed
87,227,1,351,351,2023-12-01,2024-01-27,Completed
88,129,2,167,110,2023-11-09,2023-12-23,In Progress
89,220,3,392,0,2023-12-06,2024-02-28,Cancelled
90,152,5,359,359,2023-06-23,2023-08-08,Completed
91,245,1,387,0,2024-04-05,2024-06-11,Pending
92,67,5,73,66,2023-01-17,2023-02-26,In Progress
93,404,3,301,301,2023-03-06,2023-04-09,Completed
94,441,4,393,33,2023-07-04,2023-08-21,In Progress
95,384,4,465,392,2023-05-23,2023-06-29,In Progress
96,542,5,111,111,2023-09-24,2023-11-16,Completed
97,283,3,70,70,2023-08-15,2023-10-28,Completed
98,159,5,68,68,2023-05-19,2023-07-03,Completed
99,573,5,294,294,2024-05-31,2024-06-17,Completed
100,403,1,241,241,2023-11-01,2023-12-07,Completed
101,255,4,312,312,2024-03-15,2024-04-30,Completed
102,27,2,323,217,2024-02-19,2024-05-06,In Progress
103,279,3,498,498,2024-02-13,2024-05-13,Completed
104,306,2,404,404,2023-06-06,2023-07-22,Completed
105,19,4,297,0,2023-09-25,2023-11-22,Cancelled
106,52,3,312,0,2023-01-16,2023-04-16,Pending
107,144,1,101,101,2023-02-28,2023-04-02,Completed
108,257,2,126,115,2023-09-29,2023-12-21,In Progress
109,594,5,269,269,2023-06-29,2023-08-17,Completed
110,200,3,209,0,2023-04-23,2023-07-19,Cancelled
111,295,3,271,0,2023-09-06,2023-10-26,Pending
112,512,1,191,0,2024-01-06,2024-03-08,Pending
113,555,4,51,51,2023-11-19,2024-01-11,Completed
114,469,3,225,225,2024-02-05,2024-03-16,Completed
115,609,1,481,481,2023-04-09,2023-05-20,Completed
116,516,1,77,77,2023-05-30,2023-06-29,Completed
117,141,4,142,142,2024-03-29,2024-06-20,Completed
118,548,3,346,346,2023-06-21,2023-07-20,Completed
119,88,3,122,122,2023-12-16,2024-02-29,Completed
120,361,2,470,0,2024-01-16,2024-04-02,Pending
121,482,4,268,0,2023-10-07,2023-12-26,Cancelled
122,524,2,112,112,2023-02-04,2023-03-07,Completed
123,502,5,270,270,2024-01-05,2024-02-14,Completed
124,487,4,378,378,2023-02-19,2023-04-29,Completed
125,294,5,229,229,2023-02-24,2023-05-08,Completed
126,3,5,453,453,2023-06-15,2023-09-11,Completed
127,129,4,415,415,2023-04-10,2023-05-11,Completed
128,598,1,258,258,2023-04-14,2023-05-20,Completed
129,475,1,472,472,2024-04-26,2024-05-28,Completed
130,285,1,251,251,2023-02-24,2023-03-21,Completed
131,456,5,368,368,2024-05-17,2024-08-05,Completed
132,203,5,240,112,2024-01-30,2024-03-19,In Progress
133,554,3,298,298,2023-09-18,2023-12-05,Completed
134,584,1,84,80,2024-04-06,2024-06-07,In Progress
135,323,2,387,387,2024-02-26,2024-04-04,Completed
136,524,4,50,3,2024-01-29,2024-02-28,In Progress
137,225,2,257,257,2023-05-02,2023-06-23,Completed
138,121,5,297,297,2024-05-11,2024-07-21,Completed
139,616,4,282,125,2023-02-20,2023-03-29,In Progress
140,233,3,420,420,2024-02-11,2024-03-09,Completed
141,368,2,424,424,2023-09-15,2023-12-07,Completed
142,370,5,385,385,2024-02-17,2024-03-16,Completed
143,259,3,109,0,2023-01-16,2023-03-17,Cancelled
144,206,2,69,0,2024-05-31,2024-08-10,Pending
145,224,2,434,434,2023-10-25,2023-12-29,Completed
146,389,1,127,94,2023-06-06,2023-09-03,In Progress
147,484,2,156,0,2023-02-05,2023-03-05,In Progress
148,538,5,255,255,2023-09-23,2023-11-24,Completed
149,202,5,387,387,2023-01-30,2023-04-30,Completed
150,148,3,277,0,2023-02-19,2023-05-04,Cancelled
151,260,1,246,36,2023-04-12,2023-06-26,In Progress
152,253,2,361,361,2023-07-10,2023-09-14,Completed
153,4,2,252,0,2024-05-20,2024-06-08,Cancelled
154,421,5,419,419,2023-11-21,2023-12-18,Completed
155,137,3,482,482,2024-01-11,2024-02-23,Completed
156,453,3,80,0,2024-05-28,2024-08-26,Pending
157,32,5,467,0,2023-05-28,2023-06-11,Cancelled
158,338,3,140,140,2024-01-17,2024-04-01,Completed
159,205,5,224,224,2024-01-16,2024-04-08,Completed
160,571,5,299,299,2023-07-17,2023-09-27,Completed
161,506,5,65,65,2023-05-14,2023-08-05,Completed
162,490,4,65,11,2024-05-16,2024-07-17,In Progress
163,243,1,113,113,2023-04-09,2023-07-02,Completed
164,353,4,177,177,2024-01-11,2024-03-09,Completed
165,425,1,462,216,2023-03-05,2023-04-11,In Progress
166,91,2,79,0,2024-04-03,2024-06-12,Pending
167,250,2,126,0,2023-10-26,2023-11-17,Pending
168,535,1,369,369,2023-06-07,2023-07-03,Completed
169,327,1,147,0,2023-03-16,2023-05-25,Cancelled
170,102,1,336,23,2024-04-06,2024-05-26,In Progress
171,614,5,152,152,2024-03-19,2024-06-13,Completed
172,390,4,201,0,2023-09-20,2023-11-21,Cancelled
173,113,3,445,445,2023-07-29,2023-09-04,Completed
174,56,2,358,0,2023-04-28,2023-05-20,Cancelled
175,294,1,490,490,2024-01-10,2024-03-09,Completed
176,356,2,425,0,2023-11-26,2024-01-07,Pending
177,510,4,128,128,2023-08-24,2023-10-05,Completed
178,451,5,308,308,2023-04-16,2023-05-13,Completed
179,52,5,143,56,2024-03-15,2024-04-06,In Progress
180,607,2,352,352,2023-09-15,2023-11-18,Completed
181,490,5,345,0,2023-01-17,2023-03-21,Pending
182,306,4,164,164,2024-05-17,2024-06-02,Completed
183,395,2,232,0,2023-10-07,2023-12-24,Pending
184,434,2,75,0,2023-07-10,2023-09-12,Pending
185,561,3,61,13,2023-09-26,2023-12-23,In Progress
186,412,1,91,91,2023-09-04,2023-11-30,Completed
187,200,3,138,35,2023-11-26,2024-01-09,In Progress
188,601,1,305,151,2023-09-17,2023-12-07,In Progress
189,439,4,381,381,2024-03-30,2024-04-28,Completed
190,567,2,161,68,2024-02-28,2024-05-03,In Progress
191,503,5,428,0,2023-07-29,2023-10-13,Pending
192,51,4,202,202,2023-02-03,2023-03-12,Completed
193,465,5,426,0,2023-07-21,2023-08-25,Pending
194,182,5,466,0,2024-03-26,2024-05-07,Cancelled
195,435,4,107,0,2024-04-13,2024-07-02,Cancelled
196,446,2,355,233,2024-01-09,2024-04-04,In Progress
197,119,2,164,0,2023-02-18,2023-04-11,Pending
198,306,5,483,483,2023-06-10,2023-09-02,Completed
199,555,4,317,317,2023-07-23,2023-08-25,Completed
200,286,1,200,200,2024-06-01,2024-08-22,Completed
201,301,2,278,278,2023-08-09,2023-10-08,Completed
202,57,5,399,399,2023-03-30,2023-04-29,Completed
203,420,5,226,150,2024-02-23,2024-04-17,In Progress
204,132,1,376,376,2024-01-10,2024-03-18,Completed
205,486,1,94,75,2024-05-27,2024-08-11,In Progress
206,154,2,205,205,2023-03-19,2023-06-09,Completed
207,597,3,421,421,2024-04-01,2024-04-24,Completed
208,532,5,499,499,2023-07-15,2023-09-09,Completed
209,22,4,99,22,2023-12-13,2024-01-23,In Progress
210,213,2,171,171,2023-08-15,2023-10-24,Completed
211,162,1,111,82,2023-05-09,2023-06-14,In Progress
212,395,2,400,222,2023-12-29,2024-02-29,In Progress
213,369,2,91,91,2024-02-18,2024-03-17,Completed
214,477,5,200,200,2023-10-10,2024-01-02,Completed
215,230,3,388,388,2024-01-10,2024-02-10,Completed
216,427,2,127,0,2024-05-20,2024-07-26,Pending
217,28,2,467,301,2024-03-07,2024-05-10,In Progress
218,182,5,476,476,2023-12-10,2024-02-29,Completed
219,306,4,451,451,2023-10-26,2023-11-16,Completed
220,461,4,205,0,2023-05-11,2023-05-26,Pending
221,38,5,359,359,2023-04-17,2023-05-04,Completed
222,61,2,75,75,2023-09-07,2023-11-04,Completed
223,64,4,191,191,2023-09-21,2023-12-05,Completed
224,14,1,120,0,2023-02-01,2023-03-02,Pending
225,177,5,333,333,2023-09-28,2023-11-17,Completed
226,250,3,136,0,2023-10-20,2024-01-04,Pending
227,187,3,478,478,2024-05-29,2024-07-20,Completed
228,174,1,377,321,2023-11-30,2024-01-28,In Progress
229,540,2,362,0,2023-05-07,2023-05-21,Pending
230,437,5,124,124,2023-10-05,2023-11-09,Completed
231,146,2,470,0,2024-05-10,2024-07-13,Cancelled
232,604,2,310,310,2024-05-29,2024-06-24,Completed
233,331,4,440,115,2023-05-13,2023-07-24,In Progress
234,280,4,398,398,2024-01-08,2024-03-25,Completed
235,224,2,232,232,2023-08-18,2023-11-05,Completed
236,399,3,108,108,2023-08-07,2023-10-26,Completed
237,360,1,147,147,2023-07-02,2023-09-21,Completed
238,474,5,319,319,2024-02-14,2024-03-19,Completed
239,240,5,395,395,2023-05-16,2023-08-14,Completed
240,254,1,403,0,2023-12-06,2024-02-19,Pending
241,593,2,125,0,2023-07-04,2023-09-05,Cancelled
242,107,4,301,89,2023-10-17,2024-01-12,In Progress
243,4,3,73,73,2024-02-05,2024-03-08,Completed
244,246,1,174,174,2023-10-26,2024-01-04,Completed
245,440,2,143,124,2024-01-24,2024-04-08,In Progress
246,95,5,189,189,2023-05-03,2023-07-31,Completed
247,592,1,436,0,2023-11-08,2024-01-28,Cancelled
248,344,2,380,380,2023-11-07,2023-11-28,Completed
249,11,1,309,309,2023-01-27,2023-03-02,Completed
250,380,3,325,67,2023-07-15,2023-08-15,In Progress
251,521,2,313,313,2023-04-18,2023-06-10,Completed
252,526,2,277,0,2023-02-08,2023-05-07,Pending
253,425,4,203,203,2024-04-07,2024-06-27,Completed
254,519,3,369,369,2024-04-23,2024-05-24,Completed
255,96,2,242,242,2023-05-13,2023-07-28,Completed
256,286,5,97,31,2023-11-06,2023-12-22,In Progress
257,230,2,211,0,2023-10-08,2023-12-23,Pending
258,14,2,296,142,2024-02-17,2024-04-05,In Progress
259,471,1,480,0,2023-04-18,2023-07-13,Pending
260,142,3,170,116,2024-02-26,2024-05-11,In Progress
261,114,4,218,218,2024-02-29,2024-04-11,Completed
262,41,1,267,0,2023-01-20,2023-02-28,Pending
263,604,2,264,264,2024-03-01,2024-03-24,Completed
264,60,4,409,409,2024-05-30,2024-07-07,Completed
265,320,4,76,76,2023-11-09,2024-01-11,Completed
266,274,2,144,144,2023-08-03,2023-08-18,Completed
267,252,3,268,268,2023-08-06,2023-10-31,Completed
268,486,4,374,374,2024-02-09,2024-05-08,Completed
269,135,4,341,341,2023-04-27,2023-05-30,Completed
270,54,2,211,0,2024-01-22,2024-03-23,Pending
271,592,2,172,172,2023-03-04,2023-05-18,Completed
272,158,4,259,144,2023-04-27,2023-06-23,In Progress
273,613,3,282,277,2023-05-28,2023-07-25,In Progress
274,74,1,187,187,2023-05-16,2023-08-11,Completed
275,310,4,300,170,2024-05-11,2024-05-27,In Progress
276,334,2,334,0,2023-11-08,2024-01-31,Cancelled
277,543,1,126,126,2023-11-14,2023-12-23,Completed
278,24,5,241,241,2023-02-24,2023-03-29,Completed
279,220,3,174,174,2023-05-09,2023-07-10,Completed
280,585,4,336,318,2024-03-11,2024-05-03,In Progress
281,204,2,190,190,2023-06-02,2023-06-17,Completed
282,482,5,394,394,2023-07-16,2023-09-01,Completed
283,563,1,428,428,2023-12-10,2024-03-02,Completed
284,324,4,196,0,2023-06-21,2023-09-06,Pending
285,154,3,189,189,2023-08-30,2023-10-31,Completed
286,286,2,57,57,2024-02-19,2024-04-23,Completed
287,320,4,173,173,2023-04-17,2023-07-06,Completed
288,273,1,205,205,2023-05-01,2023-07-30,Completed
289,586,2,88,88,2023-02-26,2023-04-05,Completed
290,209,2,253,0,2024-01-05,2024-03-31,Pending
291,499,5,153,48,2024-06-01,2024-06-18,In Progress
292,200,5,227,227,2023-12-26,2024-02-19,Completed
293,379,5,474,474,2023-07-01,2023-09-20,Completed
294,342,4,263,263,2024-01-28,2024-03-10,Completed
295,480,1,388,142,2024-04-22,2024-05-16,In Progress
296,315,1,301,0,2023-04-15,2023-05-06,Cancelled
297,544,1,297,297,2024-04-21,2024-07-11,Completed
298,193,3,74,0,2024-03-26,2024-05-05,Pending
299,39,3,114,0,2023-01-14,2023-02-10,Pending
300,516,1,497,497,2024-03-15,2024-04-03,Completed
301,486,4,124,124,2023-07-24,2023-08-26,Completed
302,415,5,138,138,2024-02-20,2024-05-16,Completed
303,138,2,57,57,2023-02-26,2023-03-14,Completed
304,376,4,54,0,2023-05-30,2023-07-10,Pending
305,420,3,175,175,2023-11-19,2023-12-18,Completed
306,351,5,165,0,2023-04-17,2023-05-21,Pending
307,319,5,51,51,2023-05-08,2023-08-04,Completed
308,68,3,480,480,2023-08-17,2023-09-24,Completed
309,282,3,56,56,2023-05-03,2023-05-22,Completed
310,133,2,184,0,2023-01-17,2023-04-16,Pending
311,452,3,133,133,2023-05-30,2023-08-01,Completed
312,306,1,277,0,2023-07-30,2023-09-02,Pending
313,279,2,166,0,2024-01-13,2024-02-16,Pending
314,597,1,331,176,2024-03-12,2024-05-16,In Progress
315,176,1,304,304,2023-08-27,2023-10-31,Completed
316,279,5,441,441,2023-10-22,2023-12-24,Completed
317,541,4,227,227,2024-04-15,2024-05-24,Completed
318,531,5,393,7,2023-05-15,2023-08-07,In Progress
319,326,4,499,11,2023-12-08,2024-01-12,In Progress
320,442,3,387,387,2023-07-20,2023-09-13,Completed
321,96,5,287,287,2023-08-08,2023-10-02,Completed
322,516,3,378,378,2023-04-04,2023-07-02,Completed
323,42,1,400,77,2023-12-23,2024-03-07,In Progress
324,22,3,219,219,2023-08-15,2023-10-30,Completed
325,244,5,365,365,2024-02-27,2024-04-09,Completed
326,167,5,249,249,2024-03-18,2024-05-09,Completed
327,254,1,144,144,2024-01-10,2024-02-10,Completed
328,552,4,210,0,2023-04-09,2023-05-28,Pending
329,127,4,88,81,2024-02-29,2024-04-10,In Progress
330,381,4,381,381,2023-06-23,2023-09-13,Completed
331,101,5,254,254,2023-04-18,2023-07-01,Completed
332,161,4,294,294,2023-01-20,2023-02-12,Completed
333,485,3,285,285,2023-04-16,2023-06-08,Completed
334,300,1,424,125,2024-04-06,2024-04-22,In Progress
335,72,1,89,89,2023-11-25,2024-01-28,Completed
336,163,4,92,92,2023-06-12,2023-06-26,Completed
337,385,3,445,445,2023-10-04,2023-10-27,Completed
338,149,4,359,359,2023-04-18,2023-06-26,Completed
339,61,4,148,148,2023-10-03,2023-11-25,Completed
340,559,5,430,367,2023-08-10,2023-08-31,In Progress
341,229,1,133,133,2023-03-14,2023-04-05,Completed
342,114,4,371,371,2023-06-12,2023-07-23,Completed
343,542,3,401,322,2023-12-14,2024-01-31,In Progress
344,594,2,67,0,2023-09-19,2023-12-01,Cancelled
345,226,5,164,0,2023-03-21,2023-05-22,Pending
346,395,2,186,186,2024-01-25,2024-03-08,Completed
347,113,2,211,211,2023-03-06,2023-04-23,Completed
348,488,3,58,28,2024-01-19,2024-02-06,In Progress
349,172,2,331,256,2023-01-04,2023-02-28,In Progress
350,279,3,173,173,2023-07-16,2023-10-05,Completed
351,501,2,273,273,2023-12-30,2024-03-28,Completed
352,263,4,462,462,2023-02-14,2023-04-25,Completed
353,354,4,341,0,2023-02-25,2023-03-18,Pending
354,342,3,125,125,2023-02-09,2023-04-11,Completed
355,366,4,431,392,2023-03-02,2023-04-20,In Progress
356,278,1,451,0,2024-01-07,2024-03-18,Pending
357,322,5,154,154,2023-04-10,2023-05-18,Completed
358,606,2,193,193,2023-08-18,2023-09-11,Completed
359,608,2,65,10,2023-09-28,2023-11-08,In Progress
360,84,2,290,290,2023-07-02,2023-09-28,Completed
361,385,3,304,0,2023-07-03,2023-08-12,Pending
362,13,5,303,215,2023-08-28,2023-09-25,In Progress
363,305,1,406,406,2023-07-14,2023-09-11,Completed
364,182,1,497,497,2023-03-21,2023-04-12,Completed
365,38,5,354,354,2024-01-09,2024-01-30,Completed
366,142,5,71,11,2023-09-07,2023-10-29,In Progress
367,54,1,76,0,2024-01-24,2024-04-02,Pending
368,91,4,364,364,2023-11-17,2024-02-07,Completed
369,64,2,205,205,2024-04-04,2024-04-26,Completed
370,11,5,217,0,2023-10-20,2024-01-07,Cancelled
371,111,1,447,426,2023-08-26,2023-11-14,In Progress
372,233,4,262,262,2023-07-04,2023-08-14,Completed
373,314,4,324,0,2023-06-27,2023-07-24,Cancelled
374,401,2,196,196,2023-04-13,2023-05-06,Completed
375,28,2,485,485,2023-01-04,2023-02-07,Completed
376,240,2,251,251,2024-04-25,2024-05-26,Completed
377,112,2,450,450,2023-12-27,2024-02-28,Completed
378,26,2,465,0,2024-05-24,2024-07-21,Pending
379,241,1,84,84,2023-12-30,2024-03-18,Completed
380,94,5,434,54,2023-06-13,2023-08-21,In Progress
381,477,3,168,160,2024-03-09,2024-04-10,In Progress
382,44,5,145,145,2024-04-04,2024-05-09,Completed
383,232,2,309,0,2023-06-20,2023-07-12,Cancelled
384,378,5,240,240,2023-11-18,2023-12-05,Completed
385,489,3,329,329,2023-11-22,2024-02-15,Completed
386,197,3,245,60,2023-04-24,2023-06-03,In Progress
387,537,3,172,172,2024-04-09,2024-06-23,Completed
388,574,1,268,107,2024-04-22,2024-05-06,In Progress
389,139,3,98,98,2023-04-19,2023-05-17,Completed
390,121,2,119,119,2024-02-22,2024-05-20,Completed
391,604,5,352,352,2023-05-27,2023-08-13,Completed
392,129,5,154,142,2023-11-30,2024-01-26,In Progress
393,126,3,384,384,2023-06-18,2023-07-05,Completed
394,601,5,284,95,2023-01-01,2023-02-10,In Progress
395,278,4,500,458,2024-02-17,2024-03-20,In Progress
396,511,3,375,0,2024-04-19,2024-05-23,Pending
397,35,1,387,0,2023-02-04,2023-04-15,Cancelled
398,10,4,288,205,2023-02-04,2023-03-11,In Progress
399,55,4,255,249,2023-05-28,2023-06-13,In Progress
400,284,5,182,182,2024-03-19,2024-06-05,Completed
401,501,3,158,158,2023-12-22,2024-01-06,Completed
402,495,5,193,0,2024-05-15,2024-07-26,Pending
403,1,5,313,313,2023-05-26,2023-07-29,Completed
404,164,3,171,99,2024-01-19,2024-02-18,In Progress
405,556,3,279,279,2023-08-03,2023-10-27,Completed
406,13,3,296,105,2024-01-16,2024-04-03,In Progress
407,232,2,470,470,2023-07-19,2023-10-01,Completed
408,357,2,301,43,2023-10-03,2023-10-26,In Progress
409,494,2,488,488,2023-03-23,2023-04-21,Completed
410,60,5,80,80,2023-06-21,2023-08-07,Completed
411,123,5,477,477,2023-10-20,2023-12-21,Completed
412,274,4,195,195,2023-06-02,2023-08-22,Completed
413,173,3,287,287,2023-02-10,2023-05-06,Completed
414,23,1,286,173,2024-02-20,2024-04-18,In Progress
415,391,4,231,231,2023-06-06,2023-07-18,Completed
416,429,1,187,161,2023-12-09,2024-01-30,In Progress
417,557,1,214,214,2024-04-21,2024-06-07,Completed
418,125,4,246,235,2023-02-28,2023-04-18,In Progress
419,200,2,410,10,2024-03-08,2024-04-22,In Progress
420,149,5,91,0,2024-01-19,2024-04-18,Pending
421,584,3,359,0,2023-10-24,2024-01-22,Pending
422,9,2,449,449,2024-01-31,2024-02-29,Completed
423,439,4,283,0,2024-02-01,2024-03-07,Pending
424,37,3,259,259,2024-02-23,2024-05-15,Completed
425,499,4,284,270,2024-04-08,2024-06-16,In Progress
426,49,3,132,132,2023-04-27,2023-07-11,Completed
427,487,1,382,90,2023-02-21,2023-04-13,In Progress
428,139,5,493,493,2023-02-21,2023-04-14,Completed
429,249,5,310,310,2023-04-30,2023-07-27,Completed
430,150,5,483,483,2023-03-14,2023-05-18,Completed
431,467,2,382,382,2023-05-27,2023-08-20,Completed
432,209,5,308,308,2024-01-20,2024-04-02,Completed
433,233,5,170,170,2023-08-19,2023-11-15,Completed
434,554,3,170,170,2023-04-21,2023-07-09,Completed
435,530,2,428,0,2023-08-05,2023-10-04,Pending
436,111,2,53,53,2023-07-02,2023-09-09,Completed
437,595,2,231,231,2023-10-17,2024-01-15,Completed
438,429,4,413,10,2023-05-13,2023-07-22,In Progress
439,154,2,60,38,2023-08-29,2023-11-08,In Progress
440,116,3,475,475,2023-09-01,2023-11-19,Completed
441,530,2,145,145,2023-08-04,2023-09-30,Completed
442,490,5,345,345,2023-10-02,2023-12-04,Completed
443,542,2,345,169,2023-05-03,2023-06-17,In Progress
444,200,1,452,452,2024-01-02,2024-03-20,Completed
445,219,2,286,0,2024-05-26,2024-08-03,Cancelled
446,25,1,121,121,2023-11-26,2023-12-11,Completed
447,303,5,433,433,2023-10-07,2024-01-05,Completed
448,609,1,257,257,2023-05-30,2023-07-18,Completed
449,232,1,363,363,2024-04-12,2024-06-09,Completed
450,156,1,241,241,2024-01-02,2024-02-11,Completed
451,22,3,436,436,2023-03-07,2023-05-14,Completed
452,211,4,101,101,2024-05-27,2024-08-14,Completed
453,339,2,432,0,2023-05-23,2023-06-13,Pending
454,230,1,446,446,2024-02-01,2024-02-17,Completed
455,190,1,178,178,2023-01-28,2023-02-15,Completed
456,144,2,482,482,2024-05-14,2024-06-24,Completed
457,525,3,201,201,2023-03-21,2023-06-06,Completed
458,598,2,414,0,2024-03-05,2024-05-13,Pending
459,471,1,77,77,2024-03-03,2024-04-09,Completed
460,437,5,94,94,2024-05-31,2024-07-24,Completed
461,574,3,417,0,2024-02-14,2024-05-08,Pending
462,431,1,414,414,2024-04-11,2024-06-25,Completed
463,558,5,77,77,2024-03-05,2024-04-27,Completed
464,246,5,457,457,2023-08-16,2023-09-11,Completed
465,295,3,316,316,2023-07-18,2023-08-05,Completed
466,404,3,268,268,2023-07-02,2023-09-18,Completed
467,194,3,171,171,2024-02-04,2024-03-14,Completed
468,7,3,464,322,2024-01-12,2024-02-23,In Progress
469,191,1,103,103,2023-05-31,2023-08-02,Completed
470,235,4,57,57,2023-06-18,2023-07-08,Completed
471,607,4,143,143,2023-01-28,2023-03-03,Completed
472,561,5,367,367,2023-10-03,2023-12-07,Completed
473,51,2,302,87,2024-05-30,2024-08-18,In Progress
474,539,3,80,0,2023-12-04,2024-02-18,Pending
475,72,2,438,438,2024-02-27,2024-05-08,Completed
476,174,4,52,52,2023-07-16,2023-10-05,Completed
477,340,2,59,0,2023-01-20,2023-04-16,Pending
478,483,2,236,0,2024-01-12,2024-03-30,Pending
479,180,1,86,0,2024-01-03,2024-02-21,Pending
480,356,4,372,372,2023-09-08,2023-10-24,Completed
481,83,4,267,36,2023-06-05,2023-07-19,In Progress
482,396,1,430,430,2024-04-30,2024-07-26,Completed
483,71,2,333,0,2023-01-23,2023-03-10,Pending
484,181,1,194,194,2023-09-02,2023-10-21,Completed
485,111,1,291,192,2023-01-23,2023-03-13,In Progress
486,279,2,184,20,2023-03-06,2023-03-31,In Progress
487,300,2,357,122,2023-11-04,2023-12-17,In Progress
488,203,4,303,100,2024-05-14,2024-07-18,In Progress
489,137,3,102,102,2024-04-15,2024-05-18,Completed
490,317,4,241,241,2024-04-29,2024-07-25,Completed
491,256,5,343,120,2023-03-04,2023-04-28,In Progress
492,467,5,282,133,2024-05-14,2024-07-08,In Progress
493,172,5,421,421,2024-04-05,2024-04-25,Completed
494,24,1,89,89,2023-09-03,2023-10-19,Completed
495,248,2,161,161,2024-05-09,2024-06-14,Completed
496,61,5,497,497,2024-05-23,2024-08-04,Completed
497,95,4,447,447,2024-02-19,2024-04-02,Completed
498,178,1,136,136,2023-06-23,2023-08-05,Completed
499,271,5,138,138,2024-03-18,2024-04-17,Completed
500,247,5,492,492,2023-05-28,2023-07-06,Completed
