sale_id,product_id,customer_id,user_id,quantity_sold,unit_price,total_amount,sale_date,payment_method,notes
1,271,cstm26-0322,20,4,45.84,183.36,2024-07-22 00:00:00,Debit Card,Bulk order
2,176,cstm26-0488,8,5,65.38,326.9,2024-11-16 00:00:00,Debit Card,Gift wrap requested
3,603,cstm26-0321,7,3,76.78,230.34,2023-06-22 00:00:00,Debit Card,Gift wrap requested
4,406,cstm26-0112,16,3,122.91,368.73,2023-07-21 00:00:00,Bank Transfer,Express shipping
5,442,cstm26-0081,9,3,24.36,73.08,2024-02-25 00:00:00,Debit Card,Bulk order
6,322,cstm26-0391,8,1,46.11,46.11,2023-12-05 00:00:00,PayPal,Promo code applied
7,497,cstm26-0001,20,2,139.75,279.5,2023-10-27 00:00:00,Credit Card,Express shipping
8,397,cstm26-0168,12,1,71.59,71.59,2024-02-17 00:00:00,Bank Transfer,
9,282,cstm26-0295,17,5,115.37,576.85,2024-04-30 00:00:00,Credit Card,
10,181,cstm26-0346,7,4,103.15,412.6,2024-07-22 00:00:00,PayPal,
11,174,cstm26-0326,7,4,125.92,503.68,2025-01-01 00:00:00,Bank Transfer,Gift wrap requested
12,260,cstm26-0443,19,3,69.69,209.07,2024-11-05 00:00:00,Bank Transfer,
13,497,cstm26-0468,9,2,139.75,279.5,2023-11-11 00:00:00,Credit Card,
14,570,cstm26-0148,8,2,56.38,112.76,2024-05-04 00:00:00,Cash on Delivery,Bulk order
15,498,cstm26-0388,20,4,128.86,515.44,2024-06-16 00:00:00,Debit Card,
16,265,cstm26-0179,15,2,102.11,204.22,2023-10-14 00:00:00,Bank Transfer,
17,522,cstm26-0155,7,1,55.22,55.22,2024-11-12 00:00:00,Debit Card,Bulk order
18,176,cstm26-0410,17,3,65.38,196.14,2024-06-30 00:00:00,PayPal,Express shipping
19,542,cstm26-0426,16,1,134.89,134.89,2023-10-24 00:00:00,Credit Card,Gift wrap requested
20,195,cstm26-0454,14,5,127.34,636.7,2023-10-08 00:00:00,Cash on Delivery,Bulk order
21,297,cstm26-0162,8,4,61.64,246.56,2024-05-06 00:00:00,Bank Transfer,Express shipping
22,103,cstm26-0301,7,3,92.05,276.15,2023-07-30 00:00:00,Cash on Delivery,
23,173,cstm26-0325,17,5,128.36,641.8,2023-10-25 00:00:00,Debit Card,
24,279,cstm26-0494,8,3,148.54,445.62,2023-10-24 00:00:00,Credit Card,Promo code applied
25,29,cstm26-0231,8,5,115.93,579.65,2023-11-14 00:00:00,Credit Card,Promo code applied
26,151,cstm26-0483,13,4,33.71,134.84,2023-06-18 00:00:00,Debit Card,
27,70,cstm26-0436,8,2,42.52,85.04,2024-12-18 00:00:00,Cash on Delivery,Gift wrap requested
28,436,cstm26-0226,8,4,121.15,484.6,2024-10-13 00:00:00,Cash on Delivery,
29,178,cstm26-0057,12,5,100.43,502.15,2024-05-10 00:00:00,Cash on Delivery,Express shipping
30,245,cstm26-0307,16,1,100.87,100.87,2023-10-06 00:00:00,Bank Transfer,Promo code applied
31,246,cstm26-0213,13,2,40.5,81,2023-10-10 00:00:00,Credit Card,Bulk order
32,45,cstm26-0472,12,1,27.48,27.48,2024-10-15 00:00:00,Bank Transfer,Gift wrap requested
33,585,cstm26-0316,17,4,56.97,227.88,2024-08-06 00:00:00,Debit Card,Express shipping
34,361,cstm26-0341,13,4,31.08,124.32,2024-07-03 00:00:00,Credit Card,
35,157,cstm26-0355,20,3,37.91,113.73,2023-12-18 00:00:00,Bank Transfer,
36,195,cstm26-0208,15,3,127.34,382.02,2024-03-30 00:00:00,Credit Card,
37,553,cstm26-0248,12,1,142.61,142.61,2023-11-12 00:00:00,Cash on Delivery,Promo code applied
38,91,cstm26-0172,9,1,17.68,17.68,2024-06-11 00:00:00,Bank Transfer,
39,24,cstm26-0258,19,5,82.31,411.55,2023-11-07 00:00:00,Bank Transfer,
40,387,cstm26-0027,15,5,169.59,847.95,2024-07-13 00:00:00,PayPal,Gift wrap requested
41,134,cstm26-0401,11,1,34.58,34.58,2024-08-31 00:00:00,Bank Transfer,Express shipping
42,26,cstm26-0475,8,2,96.87,193.74,2023-09-06 00:00:00,PayPal,Gift wrap requested
43,145,cstm26-0397,12,2,147.53,295.06,2024-07-28 00:00:00,Bank Transfer,Bulk order
44,571,cstm26-0348,13,2,47.29,94.58,2024-12-07 00:00:00,Credit Card,Express shipping
45,293,cstm26-0462,17,5,18.13,90.65,2023-10-25 00:00:00,PayPal,Express shipping
46,480,cstm26-0495,10,5,38.07,190.35,2024-07-18 00:00:00,Debit Card,
47,140,cstm26-0385,9,3,117.36,352.08,2024-03-07 00:00:00,PayPal,
48,448,cstm26-0378,17,2,134.01,268.02,2024-12-10 00:00:00,Cash on Delivery,Promo code applied
49,47,cstm26-0223,16,5,110.62,553.1,2024-07-23 00:00:00,Debit Card,Gift wrap requested
50,414,cstm26-0398,8,5,85.67,428.35,2024-09-12 00:00:00,Cash on Delivery,Promo code applied
51,549,cstm26-0359,15,4,31.61,126.44,2024-05-20 00:00:00,Cash on Delivery,Express shipping
52,158,cstm26-0019,18,3,113.77,341.31,2023-10-29 00:00:00,Credit Card,Promo code applied
53,124,cstm26-0233,20,4,63.69,254.76,2023-10-19 00:00:00,Bank Transfer,
54,184,cstm26-0197,8,4,167.55,670.2,2024-03-30 00:00:00,Credit Card,Promo code applied
55,361,cstm26-0087,17,1,31.08,31.08,2024-05-05 00:00:00,PayPal,
56,129,cstm26-0343,11,5,167.03,835.15,2024-06-27 00:00:00,Debit Card,
57,207,cstm26-0349,8,4,38.21,152.84,2024-06-03 00:00:00,PayPal,
58,323,cstm26-0261,9,2,52.58,105.16,2024-05-29 00:00:00,Cash on Delivery,
59,492,cstm26-0318,8,4,103.89,415.56,2024-09-04 00:00:00,Debit Card,
60,307,cstm26-0296,9,5,63.33,316.65,2024-06-30 00:00:00,Bank Transfer,
61,607,cstm26-0459,14,3,18.3,54.9,2023-10-01 00:00:00,Credit Card,Express shipping
62,117,cstm26-0386,11,1,130.59,130.59,2023-07-09 00:00:00,Bank Transfer,Bulk order
63,338,cstm26-0102,19,4,113.68,454.72,2023-06-01 00:00:00,Bank Transfer,Bulk order
64,145,cstm26-0119,19,3,147.53,442.59,2024-10-31 00:00:00,Debit Card,
65,179,cstm26-0244,20,1,86.39,86.39,2024-07-16 00:00:00,Cash on Delivery,
66,96,cstm26-0414,14,3,131.81,395.43,2023-12-10 00:00:00,Cash on Delivery,
67,565,cstm26-0303,15,3,150.21,450.63,2023-07-24 00:00:00,Cash on Delivery,Bulk order
68,67,cstm26-0217,13,1,108.08,108.08,2024-07-06 00:00:00,Debit Card,
69,418,cstm26-0273,17,5,106.65,533.25,2025-01-01 00:00:00,Debit Card,Gift wrap requested
70,47,cstm26-0126,11,2,110.62,221.24,2024-09-22 00:00:00,Cash on Delivery,
71,359,cstm26-0008,12,1,35.38,35.38,2024-02-12 00:00:00,Debit Card,
72,385,cstm26-0312,12,2,60.31,120.62,2024-06-04 00:00:00,Debit Card,Promo code applied
73,355,cstm26-0371,13,5,75.51,377.55,2024-06-29 00:00:00,Bank Transfer,Promo code applied
74,553,cstm26-0354,10,2,142.61,285.22,2024-11-21 00:00:00,PayPal,Express shipping
75,83,cstm26-0344,12,4,77.74,310.96,2024-04-02 00:00:00,Cash on Delivery,Gift wrap requested
76,244,cstm26-0191,18,2,21.34,42.68,2023-09-01 00:00:00,Bank Transfer,
77,435,cstm26-0107,20,1,142.05,142.05,2023-06-20 00:00:00,Bank Transfer,Bulk order
78,166,cstm26-0225,10,1,89.88,89.88,2023-06-21 00:00:00,Debit Card,Bulk order
79,361,cstm26-0231,7,3,31.08,93.24,2024-04-18 00:00:00,Credit Card,Promo code applied
80,414,cstm26-0025,17,2,85.67,171.34,2024-06-08 00:00:00,PayPal,
81,82,cstm26-0053,16,3,43.32,129.96,2023-07-18 00:00:00,Cash on Delivery,Express shipping
82,612,cstm26-0102,10,1,164.4,164.4,2024-02-16 00:00:00,Cash on Delivery,Gift wrap requested
83,413,cstm26-0106,17,3,148.73,446.19,2024-05-21 00:00:00,PayPal,
84,176,cstm26-0240,14,5,65.38,326.9,2023-12-09 00:00:00,Debit Card,Promo code applied
85,442,cstm26-0095,20,5,24.36,121.8,2024-10-23 00:00:00,Cash on Delivery,Express shipping
86,467,cstm26-0386,17,5,138.54,692.7,2024-07-04 00:00:00,Bank Transfer,Bulk order
87,169,cstm26-0065,8,2,22.91,45.82,2023-09-27 00:00:00,Credit Card,Promo code applied
88,203,cstm26-0065,7,2,153.64,307.28,2024-01-05 00:00:00,Debit Card,Promo code applied
89,490,cstm26-0459,11,5,141.35,706.75,2023-09-09 00:00:00,PayPal,Bulk order
90,418,cstm26-0477,7,5,106.65,533.25,2024-09-25 00:00:00,Credit Card,
91,57,cstm26-0083,9,1,120.64,120.64,2024-01-26 00:00:00,Debit Card,
92,227,cstm26-0356,12,5,92.71,463.55,2024-07-20 00:00:00,Credit Card,
93,159,cstm26-0072,19,4,168.88,675.52,2024-10-05 00:00:00,Credit Card,
94,81,cstm26-0348,11,2,71.08,142.16,2024-05-03 00:00:00,Credit Card,
95,375,cstm26-0201,12,2,48.89,97.78,2024-03-27 00:00:00,Bank Transfer,Bulk order
96,342,cstm26-0288,9,5,149.41,747.05,2023-12-07 00:00:00,PayPal,Bulk order
97,109,cstm26-0360,15,4,133.77,535.08,2023-10-27 00:00:00,PayPal,
98,352,cstm26-0228,9,5,54.39,271.95,2023-07-03 00:00:00,PayPal,Bulk order
99,467,cstm26-0426,19,1,138.54,138.54,2024-07-26 00:00:00,Credit Card,
100,459,cstm26-0405,14,1,43.27,43.27,2024-12-28 00:00:00,Debit Card,Express shipping
101,4,cstm26-0071,14,5,126.49,632.45,2023-09-24 00:00:00,Bank Transfer,
102,78,cstm26-0173,15,2,21.99,43.98,2024-01-16 00:00:00,Cash on Delivery,Bulk order
103,315,cstm26-0279,18,3,153.49,460.47,2024-10-30 00:00:00,Credit Card,
104,171,cstm26-0377,9,2,76.44,152.88,2024-11-06 00:00:00,Credit Card,
105,305,cstm26-0250,8,1,58.46,58.46,2024-05-12 00:00:00,PayPal,Bulk order
106,447,cstm26-0096,13,3,117.86,353.58,2024-03-14 00:00:00,Credit Card,Express shipping
107,608,cstm26-0392,17,3,130.69,392.07,2023-06-04 00:00:00,PayPal,
108,264,cstm26-0082,7,5,168.83,844.15,2023-08-20 00:00:00,Debit Card,
109,94,cstm26-0138,7,3,141.32,423.96,2023-06-01 00:00:00,Credit Card,Bulk order
110,479,cstm26-0195,9,4,113.93,455.72,2023-06-20 00:00:00,Credit Card,Bulk order
111,111,cstm26-0358,20,2,34.45,68.9,2024-04-13 00:00:00,Credit Card,
112,113,cstm26-0200,19,5,132.1,660.5,2024-05-31 00:00:00,Credit Card,Express shipping
113,221,cstm26-0111,8,5,64.82,324.1,2024-10-19 00:00:00,Debit Card,Express shipping
114,256,cstm26-0270,13,4,63.66,254.64,2024-05-18 00:00:00,Credit Card,
115,36,cstm26-0468,17,1,83.97,83.97,2024-02-11 00:00:00,Credit Card,Promo code applied
116,516,cstm26-0186,20,3,33.26,99.78,2024-07-29 00:00:00,Credit Card,
117,208,cstm26-0408,18,4,148.29,593.16,2024-12-05 00:00:00,PayPal,Promo code applied
118,264,cstm26-0341,15,5,168.83,844.15,2023-06-15 00:00:00,Credit Card,Promo code applied
119,199,cstm26-0316,15,1,53.07,53.07,2023-12-26 00:00:00,Bank Transfer,Express shipping
120,239,cstm26-0311,9,3,124.83,374.49,2023-10-18 00:00:00,Credit Card,
121,474,cstm26-0249,11,5,33.33,166.65,2023-08-03 00:00:00,Debit Card,Bulk order
122,388,cstm26-0177,15,3,83.64,250.92,2024-08-24 00:00:00,PayPal,Express shipping
123,427,cstm26-0136,9,2,21.32,42.64,2024-08-26 00:00:00,Bank Transfer,
124,378,cstm26-0082,19,1,133.92,133.92,2024-11-16 00:00:00,PayPal,
125,1,cstm26-0130,19,2,63.99,127.98,2024-11-02 00:00:00,PayPal,
126,231,cstm26-0298,13,1,133.49,133.49,2024-08-24 00:00:00,Cash on Delivery,Bulk order
127,568,cstm26-0399,9,4,87.85,351.4,2024-12-09 00:00:00,Cash on Delivery,Bulk order
128,320,cstm26-0358,10,2,104.2,208.4,2024-11-22 00:00:00,Debit Card,Promo code applied
129,109,cstm26-0236,14,1,133.77,133.77,2024-03-31 00:00:00,PayPal,
130,272,cstm26-0002,11,1,48.29,48.29,2024-04-30 00:00:00,Bank Transfer,
131,371,cstm26-0495,10,5,73.23,366.15,2024-11-02 00:00:00,Debit Card,
132,120,cstm26-0103,7,3,69.72,209.16,2024-06-09 00:00:00,PayPal,
133,495,cstm26-0030,14,4,40.07,160.28,2024-08-14 00:00:00,Credit Card,Bulk order
134,284,cstm26-0089,7,2,41.95,83.9,2023-09-28 00:00:00,Debit Card,Gift wrap requested
135,575,cstm26-0070,17,3,163.01,489.03,2024-07-16 00:00:00,Cash on Delivery,
136,274,cstm26-0409,11,3,138.75,416.25,2023-11-01 00:00:00,Credit Card,Bulk order
137,309,cstm26-0476,10,4,57.39,229.56,2023-12-02 00:00:00,Credit Card,Promo code applied
138,32,cstm26-0048,20,1,86.11,86.11,2024-05-23 00:00:00,PayPal,
139,348,cstm26-0107,17,1,100.41,100.41,2024-10-21 00:00:00,Bank Transfer,
140,183,cstm26-0381,14,3,152.53,457.59,2023-07-18 00:00:00,Debit Card,Express shipping
141,457,cstm26-0346,17,2,39.16,78.32,2023-11-25 00:00:00,PayPal,
142,1,cstm26-0157,14,2,63.99,127.98,2024-07-31 00:00:00,Cash on Delivery,
143,359,cstm26-0239,18,1,35.38,35.38,2023-08-26 00:00:00,Cash on Delivery,Express shipping
144,488,cstm26-0204,16,3,60.83,182.49,2023-07-02 00:00:00,Cash on Delivery,Express shipping
145,311,cstm26-0036,16,4,90.63,362.52,2024-08-13 00:00:00,PayPal,
146,199,cstm26-0322,7,2,53.07,106.14,2024-10-02 00:00:00,Credit Card,
147,586,cstm26-0188,13,2,32.76,65.52,2023-06-27 00:00:00,Bank Transfer,Bulk order
148,510,cstm26-0270,11,3,44.07,132.21,2023-08-03 00:00:00,Credit Card,Express shipping
149,508,cstm26-0438,20,5,82.12,410.6,2023-06-18 00:00:00,Cash on Delivery,Bulk order
150,267,cstm26-0452,20,1,146.73,146.73,2023-08-21 00:00:00,Credit Card,Gift wrap requested
151,229,cstm26-0366,13,1,39.67,39.67,2024-07-07 00:00:00,Debit Card,Bulk order
152,8,cstm26-0383,10,1,137.69,137.69,2023-07-02 00:00:00,Credit Card,
153,124,cstm26-0013,9,3,63.69,191.07,2024-06-06 00:00:00,Bank Transfer,Bulk order
154,302,cstm26-0093,7,4,36.05,144.2,2024-02-18 00:00:00,Debit Card,Bulk order
155,273,cstm26-0465,17,4,103.03,412.12,2024-10-21 00:00:00,Bank Transfer,
156,532,cstm26-0314,9,3,36.16,108.48,2023-09-02 00:00:00,Credit Card,Bulk order
157,575,cstm26-0195,8,1,163.01,163.01,2023-12-08 00:00:00,Debit Card,
158,332,cstm26-0103,15,1,46.59,46.59,2023-08-25 00:00:00,Credit Card,
159,130,cstm26-0419,19,4,43.96,175.84,2024-01-14 00:00:00,Cash on Delivery,Promo code applied
160,528,cstm26-0093,17,2,83.4,166.8,2024-10-17 00:00:00,Credit Card,Gift wrap requested
161,465,cstm26-0122,9,2,99.06,198.12,2024-07-30 00:00:00,Debit Card,Gift wrap requested
162,281,cstm26-0259,16,1,134.59,134.59,2024-02-28 00:00:00,Bank Transfer,Bulk order
163,396,cstm26-0069,8,2,147.55,295.1,2024-02-05 00:00:00,Cash on Delivery,Express shipping
164,4,cstm26-0186,17,2,126.49,252.98,2023-08-17 00:00:00,Credit Card,Express shipping
165,606,cstm26-0336,19,1,21.29,21.29,2024-06-23 00:00:00,Bank Transfer,Express shipping
166,63,cstm26-0382,16,3,45.13,135.39,2024-08-29 00:00:00,Credit Card,
167,526,cstm26-0217,15,3,129.57,388.71,2024-12-17 00:00:00,Debit Card,
168,95,cstm26-0309,15,2,100.98,201.96,2024-09-03 00:00:00,Credit Card,Bulk order
169,62,cstm26-0430,8,3,105.58,316.74,2023-09-01 00:00:00,Credit Card,
170,171,cstm26-0196,12,1,76.44,76.44,2024-02-28 00:00:00,Cash on Delivery,Express shipping
171,430,cstm26-0063,8,4,100.44,401.76,2023-12-24 00:00:00,PayPal,Express shipping
172,167,cstm26-0381,9,5,167.76,838.8,2023-07-17 00:00:00,Credit Card,Gift wrap requested
173,316,cstm26-0124,13,3,150.46,451.38,2024-04-10 00:00:00,Bank Transfer,Promo code applied
174,450,cstm26-0376,16,5,115.68,578.4,2023-09-06 00:00:00,PayPal,
175,232,cstm26-0023,13,1,76.38,76.38,2023-08-11 00:00:00,Debit Card,
176,524,cstm26-0260,18,1,101.43,101.43,2024-03-27 00:00:00,Cash on Delivery,Express shipping
177,30,cstm26-0500,16,5,111.18,555.9,2023-07-13 00:00:00,Debit Card,
178,233,cstm26-0218,20,2,97.25,194.5,2023-06-07 00:00:00,PayPal,Express shipping
179,418,cstm26-0072,12,5,106.65,533.25,2023-06-06 00:00:00,Debit Card,Express shipping
180,563,cstm26-0072,15,1,57.82,57.82,2023-10-25 00:00:00,PayPal,Gift wrap requested
181,169,cstm26-0142,10,5,22.91,114.55,2023-09-23 00:00:00,Debit Card,Promo code applied
182,16,cstm26-0481,15,4,111.72,446.88,2024-08-20 00:00:00,Credit Card,
183,38,cstm26-0398,15,4,66.27,265.08,2023-09-18 00:00:00,Debit Card,Bulk order
184,607,cstm26-0015,15,1,18.3,18.3,2024-04-23 00:00:00,Debit Card,
185,558,cstm26-0494,11,4,44.31,177.24,2024-12-14 00:00:00,Cash on Delivery,Gift wrap requested
186,430,cstm26-0087,11,4,100.44,401.76,2024-03-20 00:00:00,Credit Card,Express shipping
187,289,cstm26-0008,15,1,37.87,37.87,2023-09-19 00:00:00,PayPal,
188,394,cstm26-0164,7,3,71.77,215.31,2024-06-25 00:00:00,PayPal,
189,518,cstm26-0489,7,2,89.63,179.26,2023-07-05 00:00:00,Credit Card,Gift wrap requested
190,111,cstm26-0170,18,4,34.45,137.8,2023-10-13 00:00:00,Cash on Delivery,Promo code applied
191,484,cstm26-0408,9,5,77.82,389.1,2023-06-08 00:00:00,Credit Card,
192,354,cstm26-0414,17,1,68.29,68.29,2024-11-27 00:00:00,Credit Card,Gift wrap requested
193,150,cstm26-0335,20,2,118.96,237.92,2024-08-23 00:00:00,Bank Transfer,
194,3,cstm26-0489,19,5,26.74,133.7,2023-12-09 00:00:00,Debit Card,Promo code applied
195,349,cstm26-0005,8,4,106.6,426.4,2023-10-31 00:00:00,Debit Card,Gift wrap requested
196,274,cstm26-0399,18,5,138.75,693.75,2023-08-26 00:00:00,Cash on Delivery,Gift wrap requested
197,301,cstm26-0437,8,3,102.63,307.89,2024-09-23 00:00:00,PayPal,
198,517,cstm26-0167,7,4,29.1,116.4,2024-12-20 00:00:00,Bank Transfer,Express shipping
199,520,cstm26-0050,18,2,85.3,170.6,2024-10-24 00:00:00,PayPal,Gift wrap requested
200,516,cstm26-0025,15,2,33.26,66.52,2023-08-20 00:00:00,Debit Card,Express shipping
201,557,cstm26-0453,9,3,101.04,303.12,2024-08-13 00:00:00,Debit Card,Promo code applied
202,253,cstm26-0339,16,5,76.01,380.05,2024-01-21 00:00:00,Credit Card,Promo code applied
203,545,cstm26-0262,10,4,116.39,465.56,2024-01-19 00:00:00,Credit Card,Express shipping
204,38,cstm26-0248,17,4,66.27,265.08,2024-06-10 00:00:00,Bank Transfer,Gift wrap requested
205,363,cstm26-0226,12,1,19.99,19.99,2023-09-27 00:00:00,Debit Card,
206,555,cstm26-0489,16,2,90.47,180.94,2024-09-03 00:00:00,Bank Transfer,Bulk order
207,72,cstm26-0195,19,5,166.69,833.45,2024-05-23 00:00:00,Bank Transfer,Gift wrap requested
208,487,cstm26-0075,14,5,83.59,417.95,2023-12-13 00:00:00,Credit Card,Bulk order
209,451,cstm26-0211,19,3,74.61,223.83,2023-08-30 00:00:00,Credit Card,Promo code applied
210,383,cstm26-0262,10,2,89.49,178.98,2023-09-21 00:00:00,Cash on Delivery,
211,514,cstm26-0086,10,4,41.27,165.08,2024-04-21 00:00:00,Cash on Delivery,
212,320,cstm26-0161,14,3,104.2,312.6,2024-02-26 00:00:00,Credit Card,
213,1,cstm26-0029,17,3,63.99,191.97,2023-12-06 00:00:00,PayPal,
214,510,cstm26-0002,19,3,44.07,132.21,2023-11-03 00:00:00,Credit Card,
215,223,cstm26-0130,18,1,101.59,101.59,2023-06-03 00:00:00,Bank Transfer,
216,176,cstm26-0116,17,3,65.38,196.14,2023-09-14 00:00:00,PayPal,Bulk order
217,579,cstm26-0138,15,3,23.52,70.56,2024-10-20 00:00:00,Cash on Delivery,
218,412,cstm26-0291,19,4,89.08,356.32,2023-06-02 00:00:00,PayPal,
219,70,cstm26-0227,18,4,42.52,170.08,2024-02-01 00:00:00,Debit Card,Express shipping
220,447,cstm26-0488,17,5,117.86,589.3,2024-03-19 00:00:00,Cash on Delivery,
221,433,cstm26-0263,15,2,123.63,247.26,2023-10-16 00:00:00,Debit Card,
222,168,cstm26-0336,11,5,54.79,273.95,2023-11-15 00:00:00,Bank Transfer,
223,346,cstm26-0145,12,1,75.88,75.88,2023-12-13 00:00:00,Cash on Delivery,
224,435,cstm26-0141,18,1,142.05,142.05,2024-05-15 00:00:00,Debit Card,
225,570,cstm26-0035,10,2,56.38,112.76,2024-06-29 00:00:00,PayPal,
226,461,cstm26-0401,9,4,81.28,325.12,2024-10-31 00:00:00,Bank Transfer,Express shipping
227,155,cstm26-0287,14,3,50.39,151.17,2024-04-12 00:00:00,Credit Card,Bulk order
228,25,cstm26-0414,7,3,135.19,405.57,2024-02-09 00:00:00,Debit Card,
229,108,cstm26-0333,20,4,72.59,290.36,2023-06-17 00:00:00,Bank Transfer,Promo code applied
230,502,cstm26-0135,16,1,109.89,109.89,2024-09-21 00:00:00,Cash on Delivery,Express shipping
231,277,cstm26-0432,9,1,109.35,109.35,2023-07-30 00:00:00,Debit Card,Gift wrap requested
232,571,cstm26-0454,12,5,47.29,236.45,2024-11-10 00:00:00,Debit Card,
233,135,cstm26-0383,17,2,168.18,336.36,2024-01-21 00:00:00,Cash on Delivery,
234,178,cstm26-0092,8,5,100.43,502.15,2024-08-26 00:00:00,Credit Card,
235,372,cstm26-0222,16,4,56.72,226.88,2024-06-11 00:00:00,Cash on Delivery,Bulk order
236,103,cstm26-0006,19,5,92.05,460.25,2024-04-13 00:00:00,Credit Card,
237,557,cstm26-0084,20,3,101.04,303.12,2024-07-27 00:00:00,Debit Card,Promo code applied
238,237,cstm26-0247,10,4,108.11,432.44,2023-09-22 00:00:00,Credit Card,Gift wrap requested
239,45,cstm26-0325,9,1,27.48,27.48,2023-12-11 00:00:00,Cash on Delivery,Bulk order
240,316,cstm26-0213,16,4,150.46,601.84,2024-06-26 00:00:00,Cash on Delivery,
241,377,cstm26-0443,18,5,69.93,349.65,2023-09-24 00:00:00,PayPal,Gift wrap requested
242,365,cstm26-0074,14,3,156.84,470.52,2024-09-20 00:00:00,Debit Card,Promo code applied
243,427,cstm26-0032,11,5,21.32,106.6,2023-08-15 00:00:00,PayPal,Bulk order
244,11,cstm26-0340,14,1,112.41,112.41,2024-11-21 00:00:00,Debit Card,Gift wrap requested
245,328,cstm26-0495,16,5,157.36,786.8,2023-07-26 00:00:00,Bank Transfer,Express shipping
246,167,cstm26-0195,11,4,167.76,671.04,2024-08-04 00:00:00,Debit Card,Express shipping
247,179,cstm26-0060,18,4,86.39,345.56,2023-07-27 00:00:00,Cash on Delivery,Gift wrap requested
248,574,cstm26-0138,10,4,83.48,333.92,2023-11-23 00:00:00,PayPal,
249,299,cstm26-0498,8,5,136.24,681.2,2024-11-21 00:00:00,Cash on Delivery,Express shipping
250,482,cstm26-0282,10,4,135.93,543.72,2024-08-02 00:00:00,PayPal,Bulk order
251,518,cstm26-0148,14,2,89.63,179.26,2024-10-14 00:00:00,PayPal,
252,151,cstm26-0244,15,3,33.71,101.13,2023-08-02 00:00:00,Cash on Delivery,Bulk order
253,218,cstm26-0085,8,4,141.38,565.52,2024-11-04 00:00:00,Bank Transfer,Promo code applied
254,96,cstm26-0222,20,5,131.81,659.05,2023-09-12 00:00:00,Credit Card,
255,579,cstm26-0198,11,4,23.52,94.08,2024-03-13 00:00:00,Debit Card,
256,161,cstm26-0423,13,5,124.42,622.1,2024-12-26 00:00:00,Credit Card,
257,281,cstm26-0265,7,1,134.59,134.59,2023-10-19 00:00:00,Credit Card,
258,437,cstm26-0054,19,3,97.79,293.37,2023-12-18 00:00:00,Cash on Delivery,Gift wrap requested
259,219,cstm26-0471,13,4,20.23,80.92,2024-06-29 00:00:00,Bank Transfer,
260,183,cstm26-0341,9,3,152.53,457.59,2024-10-14 00:00:00,Debit Card,Express shipping
261,351,cstm26-0158,20,3,122.43,367.29,2023-10-07 00:00:00,Credit Card,
262,339,cstm26-0044,16,4,65.41,261.64,2023-11-28 00:00:00,Cash on Delivery,Promo code applied
263,509,cstm26-0461,14,2,27.25,54.5,2024-11-21 00:00:00,Debit Card,
264,338,cstm26-0356,12,3,113.68,341.04,2024-05-14 00:00:00,Cash on Delivery,Bulk order
265,330,cstm26-0319,13,3,159,477,2023-08-18 00:00:00,Credit Card,
266,593,cstm26-0035,17,5,144.16,720.8,2024-04-28 00:00:00,PayPal,Gift wrap requested
267,308,cstm26-0221,18,3,45.04,135.12,2024-06-06 00:00:00,Credit Card,Express shipping
268,340,cstm26-0285,15,5,74.46,372.3,2024-12-15 00:00:00,PayPal,Express shipping
269,467,cstm26-0021,14,3,138.54,415.62,2024-05-02 00:00:00,Cash on Delivery,Gift wrap requested
270,590,cstm26-0078,14,5,155.43,777.15,2024-01-19 00:00:00,Cash on Delivery,
271,325,cstm26-0364,13,2,122.61,245.22,2023-06-23 00:00:00,Cash on Delivery,
272,472,cstm26-0194,13,1,158.65,158.65,2023-08-28 00:00:00,Debit Card,Promo code applied
273,159,cstm26-0489,17,4,168.88,675.52,2023-12-09 00:00:00,Debit Card,Promo code applied
274,331,cstm26-0009,12,4,21.02,84.08,2024-08-11 00:00:00,Bank Transfer,
275,207,cstm26-0200,9,4,38.21,152.84,2023-08-10 00:00:00,Debit Card,
276,555,cstm26-0457,11,3,90.47,271.41,2024-10-28 00:00:00,PayPal,
277,608,cstm26-0301,14,4,130.69,522.76,2023-11-11 00:00:00,PayPal,
278,604,cstm26-0448,12,5,55.66,278.3,2024-06-14 00:00:00,Bank Transfer,Gift wrap requested
279,320,cstm26-0160,14,1,104.2,104.2,2024-08-23 00:00:00,Debit Card,
280,27,cstm26-0298,16,2,20.64,41.28,2023-09-13 00:00:00,Cash on Delivery,Express shipping
281,353,cstm26-0322,8,3,150.99,452.97,2024-07-25 00:00:00,Credit Card,Bulk order
282,345,cstm26-0182,16,5,80.67,403.35,2024-01-27 00:00:00,Bank Transfer,Promo code applied
283,24,cstm26-0001,20,3,82.31,246.93,2024-07-03 00:00:00,Bank Transfer,Promo code applied
284,428,cstm26-0109,17,1,124.37,124.37,2024-11-27 00:00:00,Bank Transfer,
285,526,cstm26-0260,9,2,129.57,259.14,2023-11-25 00:00:00,Cash on Delivery,Bulk order
286,436,cstm26-0375,9,3,121.15,363.45,2023-06-11 00:00:00,Debit Card,
287,144,cstm26-0355,18,4,75.5,302,2024-07-04 00:00:00,Cash on Delivery,Gift wrap requested
288,119,cstm26-0194,8,4,160.59,642.36,2024-11-20 00:00:00,Cash on Delivery,
289,253,cstm26-0210,8,2,76.01,152.02,2023-07-04 00:00:00,Bank Transfer,Bulk order
290,187,cstm26-0052,10,5,101.48,507.4,2023-07-12 00:00:00,PayPal,
291,162,cstm26-0201,15,1,36.34,36.34,2023-08-25 00:00:00,PayPal,Gift wrap requested
292,484,cstm26-0037,18,5,77.82,389.1,2024-11-03 00:00:00,Credit Card,
293,352,cstm26-0200,11,5,54.39,271.95,2024-12-01 00:00:00,Cash on Delivery,Gift wrap requested
294,84,cstm26-0263,17,2,147.61,295.22,2024-07-26 00:00:00,PayPal,
295,177,cstm26-0319,10,2,34.79,69.58,2023-08-23 00:00:00,PayPal,
296,312,cstm26-0347,11,3,167.38,502.14,2024-02-05 00:00:00,Debit Card,
297,380,cstm26-0253,11,4,139.33,557.32,2023-12-02 00:00:00,PayPal,Bulk order
298,212,cstm26-0279,9,2,88.97,177.94,2024-01-24 00:00:00,Credit Card,
299,610,cstm26-0030,8,2,60.63,121.26,2023-12-01 00:00:00,Cash on Delivery,
300,180,cstm26-0480,8,3,53.84,161.52,2024-05-30 00:00:00,Debit Card,
301,427,cstm26-0493,15,3,21.32,63.96,2024-09-15 00:00:00,Cash on Delivery,Gift wrap requested
302,419,cstm26-0320,10,5,27.89,139.45,2024-10-27 00:00:00,Cash on Delivery,
303,525,cstm26-0221,9,3,17.59,52.77,2023-07-03 00:00:00,PayPal,
304,526,cstm26-0469,14,4,129.57,518.28,2024-02-07 00:00:00,Bank Transfer,Promo code applied
305,204,cstm26-0410,9,2,161.74,323.48,2024-02-09 00:00:00,Cash on Delivery,Bulk order
306,89,cstm26-0056,17,4,127.77,511.08,2023-10-20 00:00:00,Credit Card,Express shipping
307,198,cstm26-0415,16,2,106.03,212.06,2024-09-17 00:00:00,Debit Card,Bulk order
308,139,cstm26-0376,15,4,165.58,662.32,2024-09-06 00:00:00,Debit Card,Bulk order
309,111,cstm26-0121,8,2,34.45,68.9,2023-06-02 00:00:00,Credit Card,
310,25,cstm26-0345,15,3,135.19,405.57,2023-12-12 00:00:00,Debit Card,
311,151,cstm26-0480,18,5,33.71,168.55,2024-12-13 00:00:00,Credit Card,Gift wrap requested
312,238,cstm26-0054,8,4,33.76,135.04,2023-08-29 00:00:00,Credit Card,
313,97,cstm26-0416,17,5,25.96,129.8,2023-12-26 00:00:00,Bank Transfer,Express shipping
314,164,cstm26-0126,19,4,20.18,80.72,2024-09-28 00:00:00,Bank Transfer,
315,344,cstm26-0439,16,4,97.73,390.92,2024-02-02 00:00:00,PayPal,
316,405,cstm26-0417,20,2,99.45,198.9,2023-09-01 00:00:00,Bank Transfer,
317,366,cstm26-0244,17,2,98.31,196.62,2024-04-19 00:00:00,Credit Card,Promo code applied
318,243,cstm26-0447,17,3,138.77,416.31,2024-10-23 00:00:00,Credit Card,Bulk order
319,365,cstm26-0222,7,3,156.84,470.52,2023-07-28 00:00:00,Debit Card,
320,560,cstm26-0116,20,3,34.26,102.78,2024-06-22 00:00:00,Bank Transfer,
321,93,cstm26-0466,14,1,135.35,135.35,2023-09-16 00:00:00,PayPal,
322,98,cstm26-0182,8,5,129.46,647.3,2024-02-11 00:00:00,Debit Card,Gift wrap requested
323,342,cstm26-0153,19,2,149.41,298.82,2023-06-27 00:00:00,Bank Transfer,
324,591,cstm26-0467,12,3,77.26,231.78,2023-07-14 00:00:00,Debit Card,Gift wrap requested
325,13,cstm26-0393,15,3,92.56,277.68,2023-10-29 00:00:00,Bank Transfer,
326,289,cstm26-0341,12,5,37.87,189.35,2024-10-22 00:00:00,Debit Card,Promo code applied
327,259,cstm26-0424,19,3,61.73,185.19,2024-03-12 00:00:00,PayPal,Promo code applied
328,82,cstm26-0464,18,4,43.32,173.28,2024-11-29 00:00:00,Bank Transfer,
329,169,cstm26-0051,17,2,22.91,45.82,2023-11-07 00:00:00,Bank Transfer,
330,120,cstm26-0244,12,2,69.72,139.44,2024-08-01 00:00:00,Bank Transfer,Express shipping
331,613,cstm26-0125,10,4,71.55,286.2,2023-10-13 00:00:00,Credit Card,
332,324,cstm26-0469,12,5,35.67,178.35,2024-03-07 00:00:00,PayPal,
333,365,cstm26-0021,14,2,156.84,313.68,2023-07-15 00:00:00,Credit Card,
334,120,cstm26-0337,12,5,69.72,348.6,2023-07-26 00:00:00,Debit Card,Promo code applied
335,448,cstm26-0396,14,3,134.01,402.03,2024-06-26 00:00:00,Bank Transfer,Express shipping
336,282,cstm26-0486,9,5,115.37,576.85,2024-01-29 00:00:00,Bank Transfer,Express shipping
337,21,cstm26-0449,20,2,54.81,109.62,2023-11-17 00:00:00,Bank Transfer,Express shipping
338,74,cstm26-0395,14,1,97.19,97.19,2023-12-05 00:00:00,Credit Card,
339,286,cstm26-0100,8,3,133,399,2024-02-22 00:00:00,PayPal,
340,590,cstm26-0435,18,3,155.43,466.29,2024-07-30 00:00:00,Debit Card,
341,101,cstm26-0384,10,1,97.51,97.51,2023-09-17 00:00:00,Debit Card,Promo code applied
342,404,cstm26-0023,16,4,139.53,558.12,2024-02-21 00:00:00,PayPal,Gift wrap requested
343,17,cstm26-0293,9,3,68.06,204.18,2023-12-28 00:00:00,Credit Card,
344,324,cstm26-0055,9,1,35.67,35.67,2023-08-13 00:00:00,Credit Card,
345,596,cstm26-0313,15,4,39.56,158.24,2023-09-15 00:00:00,Debit Card,Express shipping
346,182,cstm26-0240,13,4,109.73,438.92,2024-06-01 00:00:00,Debit Card,Gift wrap requested
347,136,cstm26-0312,7,2,59.92,119.84,2023-10-20 00:00:00,Cash on Delivery,
348,261,cstm26-0241,19,5,125.83,629.15,2024-05-10 00:00:00,Bank Transfer,
349,57,cstm26-0267,9,2,120.64,241.28,2024-05-12 00:00:00,PayPal,Express shipping
350,393,cstm26-0420,19,1,39.41,39.41,2024-08-29 00:00:00,PayPal,Bulk order
351,320,cstm26-0342,7,3,104.2,312.6,2023-08-09 00:00:00,Credit Card,
352,200,cstm26-0411,8,1,160.13,160.13,2023-10-05 00:00:00,Bank Transfer,Bulk order
353,90,cstm26-0266,15,1,63.96,63.96,2024-09-03 00:00:00,Cash on Delivery,Gift wrap requested
354,178,cstm26-0341,11,4,100.43,401.72,2023-08-30 00:00:00,Credit Card,
355,608,cstm26-0143,12,4,130.69,522.76,2023-10-27 00:00:00,Bank Transfer,
356,190,cstm26-0437,18,1,166.44,166.44,2024-08-18 00:00:00,Credit Card,Promo code applied
357,96,cstm26-0035,20,4,131.81,527.24,2023-10-05 00:00:00,Bank Transfer,Bulk order
358,105,cstm26-0110,15,3,91.89,275.67,2024-01-28 00:00:00,Bank Transfer,
359,615,cstm26-0305,16,2,142.49,284.98,2024-08-26 00:00:00,Bank Transfer,
360,244,cstm26-0239,9,4,21.34,85.36,2024-02-21 00:00:00,Debit Card,Promo code applied
361,366,cstm26-0145,11,3,98.31,294.93,2024-07-14 00:00:00,Bank Transfer,Promo code applied
362,432,cstm26-0325,14,5,35.9,179.5,2023-12-26 00:00:00,Cash on Delivery,Promo code applied
363,488,cstm26-0497,7,1,60.83,60.83,2024-09-18 00:00:00,Credit Card,Promo code applied
364,417,cstm26-0348,16,5,101.53,507.65,2024-10-20 00:00:00,Debit Card,Bulk order
365,38,cstm26-0023,18,3,66.27,198.81,2023-09-10 00:00:00,Credit Card,
366,129,cstm26-0443,11,5,167.03,835.15,2024-05-21 00:00:00,Cash on Delivery,Bulk order
367,106,cstm26-0364,19,4,123.58,494.32,2024-03-23 00:00:00,Bank Transfer,Bulk order
368,362,cstm26-0022,19,3,87.81,263.43,2024-10-07 00:00:00,Cash on Delivery,
369,266,cstm26-0175,18,2,138.53,277.06,2024-07-30 00:00:00,Cash on Delivery,Promo code applied
370,114,cstm26-0494,10,1,96.95,96.95,2023-12-05 00:00:00,Bank Transfer,
371,542,cstm26-0380,20,2,134.89,269.78,2023-11-06 00:00:00,Bank Transfer,Gift wrap requested
372,573,cstm26-0464,9,2,122,244,2024-04-06 00:00:00,PayPal,Bulk order
373,366,cstm26-0024,9,3,98.31,294.93,2023-06-13 00:00:00,PayPal,
374,208,cstm26-0150,13,3,148.29,444.87,2023-07-23 00:00:00,Bank Transfer,
375,98,cstm26-0358,19,4,129.46,517.84,2023-07-16 00:00:00,PayPal,Bulk order
376,257,cstm26-0015,16,2,161.53,323.06,2023-10-07 00:00:00,Debit Card,Promo code applied
377,500,cstm26-0220,12,2,107.49,214.98,2024-11-14 00:00:00,Cash on Delivery,Gift wrap requested
378,283,cstm26-0406,11,3,65.87,197.61,2024-07-09 00:00:00,Credit Card,Gift wrap requested
379,238,cstm26-0004,19,5,33.76,168.8,2025-01-01 00:00:00,Debit Card,
380,283,cstm26-0460,10,5,65.87,329.35,2023-08-20 00:00:00,Bank Transfer,Bulk order
381,131,cstm26-0397,7,4,47.8,191.2,2024-12-01 00:00:00,Bank Transfer,Bulk order
382,488,cstm26-0441,12,1,60.83,60.83,2023-08-25 00:00:00,Debit Card,
383,202,cstm26-0122,8,3,100.34,301.02,2024-03-10 00:00:00,PayPal,
384,242,cstm26-0495,7,5,59.54,297.7,2024-04-26 00:00:00,Bank Transfer,Gift wrap requested
385,311,cstm26-0387,7,3,90.63,271.89,2024-06-04 00:00:00,Debit Card,Express shipping
386,79,cstm26-0024,18,5,72.61,363.05,2024-10-05 00:00:00,Credit Card,
387,598,cstm26-0314,7,5,80.14,400.7,2023-08-01 00:00:00,Cash on Delivery,Promo code applied
388,57,cstm26-0387,8,4,120.64,482.56,2024-08-24 00:00:00,Bank Transfer,
389,457,cstm26-0332,13,4,39.16,156.64,2024-12-26 00:00:00,PayPal,Bulk order
390,202,cstm26-0189,14,4,100.34,401.36,2024-06-10 00:00:00,PayPal,
391,211,cstm26-0320,17,1,140.29,140.29,2024-04-23 00:00:00,PayPal,Promo code applied
392,162,cstm26-0419,13,3,36.34,109.02,2023-12-22 00:00:00,Cash on Delivery,Gift wrap requested
393,418,cstm26-0444,17,1,106.65,106.65,2024-05-24 00:00:00,Credit Card,
394,271,cstm26-0155,8,2,45.84,91.68,2024-12-07 00:00:00,Credit Card,Express shipping
395,552,cstm26-0226,15,2,32.53,65.06,2024-06-27 00:00:00,Cash on Delivery,Gift wrap requested
396,478,cstm26-0213,17,5,108.43,542.15,2024-03-19 00:00:00,Cash on Delivery,Express shipping
397,262,cstm26-0300,8,4,82.27,329.08,2024-08-19 00:00:00,Bank Transfer,
398,425,cstm26-0177,9,4,157.2,628.8,2024-03-28 00:00:00,Bank Transfer,Promo code applied
399,89,cstm26-0153,18,5,127.77,638.85,2024-03-27 00:00:00,Cash on Delivery,Express shipping
400,443,cstm26-0350,7,4,81.56,326.24,2024-08-13 00:00:00,Bank Transfer,Bulk order
401,67,cstm26-0301,8,4,108.08,432.32,2023-12-11 00:00:00,Bank Transfer,Gift wrap requested
402,317,cstm26-0086,18,1,124.16,124.16,2024-02-09 00:00:00,PayPal,Promo code applied
403,4,cstm26-0130,15,1,126.49,126.49,2024-11-12 00:00:00,Debit Card,Bulk order
404,379,cstm26-0322,16,4,106.38,425.52,2023-06-23 00:00:00,Credit Card,
405,609,cstm26-0141,15,5,127.16,635.8,2024-08-07 00:00:00,Cash on Delivery,Promo code applied
406,144,cstm26-0388,10,1,75.5,75.5,2024-08-11 00:00:00,PayPal,
407,112,cstm26-0462,19,1,91.35,91.35,2024-11-06 00:00:00,PayPal,Gift wrap requested
408,526,cstm26-0435,8,1,129.57,129.57,2024-01-21 00:00:00,Credit Card,
409,297,cstm26-0232,13,3,61.64,184.92,2023-11-04 00:00:00,Cash on Delivery,Express shipping
410,324,cstm26-0097,16,5,35.67,178.35,2023-12-04 00:00:00,Debit Card,Express shipping
411,415,cstm26-0266,17,1,154.18,154.18,2023-10-06 00:00:00,PayPal,Promo code applied
412,592,cstm26-0314,19,3,74.64,223.92,2023-08-06 00:00:00,Cash on Delivery,Express shipping
413,97,cstm26-0341,10,4,25.96,103.84,2023-06-18 00:00:00,Debit Card,Express shipping
414,107,cstm26-0014,19,2,162.71,325.42,2024-11-22 00:00:00,Debit Card,
415,300,cstm26-0114,15,4,38.63,154.52,2023-11-18 00:00:00,Debit Card,Promo code applied
416,65,cstm26-0490,11,1,107.32,107.32,2023-10-16 00:00:00,Credit Card,Promo code applied
417,375,cstm26-0228,10,5,48.89,244.45,2024-08-07 00:00:00,Credit Card,Promo code applied
418,397,cstm26-0324,18,5,71.59,357.95,2023-11-21 00:00:00,Credit Card,
419,441,cstm26-0188,20,5,114.84,574.2,2023-08-30 00:00:00,Debit Card,Express shipping
420,67,cstm26-0331,9,2,108.08,216.16,2023-06-09 00:00:00,Cash on Delivery,Gift wrap requested
421,73,cstm26-0392,14,2,104.49,208.98,2023-12-06 00:00:00,Debit Card,Bulk order
422,355,cstm26-0441,16,4,75.51,302.04,2024-03-13 00:00:00,Cash on Delivery,Gift wrap requested
423,223,cstm26-0499,18,2,101.59,203.18,2023-06-19 00:00:00,Credit Card,
424,475,cstm26-0095,20,3,55.59,166.77,2024-12-19 00:00:00,PayPal,Express shipping
425,224,cstm26-0474,10,1,92.61,92.61,2024-02-19 00:00:00,PayPal,Express shipping
426,155,cstm26-0346,9,5,50.39,251.95,2024-11-15 00:00:00,Credit Card,Gift wrap requested
427,99,cstm26-0277,14,4,41.61,166.44,2024-11-26 00:00:00,Credit Card,Promo code applied
428,134,cstm26-0223,19,2,34.58,69.16,2024-05-05 00:00:00,PayPal,Promo code applied
429,550,cstm26-0098,13,2,28.18,56.36,2023-12-13 00:00:00,PayPal,Promo code applied
430,226,cstm26-0301,11,2,69.37,138.74,2023-09-22 00:00:00,Debit Card,
431,7,cstm26-0074,14,4,161.71,646.84,2024-07-28 00:00:00,Credit Card,Gift wrap requested
432,72,cstm26-0474,8,4,166.69,666.76,2024-10-01 00:00:00,Bank Transfer,
433,42,cstm26-0379,8,2,108.82,217.64,2024-01-12 00:00:00,Debit Card,Promo code applied
434,502,cstm26-0234,16,2,109.89,219.78,2023-11-29 00:00:00,PayPal,
435,600,cstm26-0465,10,2,50.26,100.52,2024-09-16 00:00:00,Credit Card,Gift wrap requested
436,567,cstm26-0291,11,5,45.87,229.35,2024-05-26 00:00:00,Cash on Delivery,Promo code applied
437,303,cstm26-0318,19,3,93.42,280.26,2023-07-26 00:00:00,Credit Card,
438,146,cstm26-0429,15,3,72.67,218.01,2024-01-03 00:00:00,Cash on Delivery,Express shipping
439,460,cstm26-0149,12,3,44.19,132.57,2024-08-28 00:00:00,Cash on Delivery,Bulk order
440,562,cstm26-0391,20,2,134.41,268.82,2024-12-22 00:00:00,Debit Card,
441,419,cstm26-0241,10,3,27.89,83.67,2024-07-07 00:00:00,Bank Transfer,
442,548,cstm26-0436,7,1,38.33,38.33,2023-12-03 00:00:00,Credit Card,
443,256,cstm26-0423,14,4,63.66,254.64,2024-01-08 00:00:00,Cash on Delivery,Gift wrap requested
444,82,cstm26-0231,18,2,43.32,86.64,2023-09-13 00:00:00,Credit Card,
445,86,cstm26-0437,8,3,23.99,71.97,2024-11-30 00:00:00,Bank Transfer,Bulk order
446,313,cstm26-0326,11,3,95.84,287.52,2024-11-20 00:00:00,Cash on Delivery,
447,408,cstm26-0163,7,5,148.01,740.05,2023-12-03 00:00:00,Bank Transfer,
448,553,cstm26-0282,18,5,142.61,713.05,2024-01-17 00:00:00,PayPal,Express shipping
449,406,cstm26-0122,10,5,122.91,614.55,2023-09-29 00:00:00,PayPal,Gift wrap requested
450,118,cstm26-0473,15,1,111.89,111.89,2023-09-15 00:00:00,Cash on Delivery,
451,239,cstm26-0494,9,1,124.83,124.83,2024-04-25 00:00:00,Bank Transfer,
452,476,cstm26-0004,18,1,68.12,68.12,2024-10-02 00:00:00,Bank Transfer,Promo code applied
453,257,cstm26-0440,10,4,161.53,646.12,2023-06-13 00:00:00,Credit Card,Promo code applied
454,440,cstm26-0272,8,5,75.71,378.55,2024-02-12 00:00:00,Cash on Delivery,Promo code applied
455,535,cstm26-0281,12,1,51.4,51.4,2024-04-28 00:00:00,Bank Transfer,
456,283,cstm26-0458,11,4,65.87,263.48,2023-10-19 00:00:00,Bank Transfer,
457,56,cstm26-0238,19,3,103.39,310.17,2024-02-12 00:00:00,Credit Card,
458,91,cstm26-0281,8,1,17.68,17.68,2023-10-17 00:00:00,Credit Card,Gift wrap requested
459,105,cstm26-0491,8,5,91.89,459.45,2024-10-14 00:00:00,PayPal,Gift wrap requested
460,528,cstm26-0147,15,4,83.4,333.6,2024-02-09 00:00:00,Cash on Delivery,
461,259,cstm26-0364,8,4,61.73,246.92,2024-11-20 00:00:00,Cash on Delivery,Bulk order
462,492,cstm26-0015,12,3,103.89,311.67,2024-06-09 00:00:00,PayPal,Gift wrap requested
463,357,cstm26-0335,7,1,25.19,25.19,2023-11-10 00:00:00,Debit Card,Promo code applied
464,76,cstm26-0273,16,1,54.86,54.86,2024-07-12 00:00:00,Debit Card,Gift wrap requested
465,69,cstm26-0087,9,1,159.26,159.26,2024-07-16 00:00:00,PayPal,Gift wrap requested
466,129,cstm26-0378,13,3,167.03,501.09,2024-12-10 00:00:00,Credit Card,
467,69,cstm26-0155,10,4,159.26,637.04,2023-12-26 00:00:00,Bank Transfer,
468,384,cstm26-0085,9,4,79.6,318.4,2023-10-11 00:00:00,Bank Transfer,
469,418,cstm26-0326,15,4,106.65,426.6,2024-08-16 00:00:00,Cash on Delivery,Promo code applied
470,369,cstm26-0064,19,4,105.47,421.88,2024-08-27 00:00:00,Cash on Delivery,Bulk order
471,144,cstm26-0308,18,2,75.5,151,2024-10-01 00:00:00,Bank Transfer,Gift wrap requested
472,499,cstm26-0102,12,1,111.29,111.29,2024-08-20 00:00:00,PayPal,Gift wrap requested
473,80,cstm26-0201,14,2,29.55,59.1,2023-12-26 00:00:00,Credit Card,
474,381,cstm26-0193,20,1,53.49,53.49,2023-12-16 00:00:00,Debit Card,Express shipping
475,423,cstm26-0315,14,2,168.85,337.7,2024-12-11 00:00:00,Bank Transfer,Gift wrap requested
476,113,cstm26-0193,15,5,132.1,660.5,2024-07-09 00:00:00,PayPal,Gift wrap requested
477,328,cstm26-0354,18,3,157.36,472.08,2024-06-25 00:00:00,PayPal,Gift wrap requested
478,588,cstm26-0206,20,2,58.37,116.74,2024-04-24 00:00:00,Debit Card,
479,17,cstm26-0355,8,4,68.06,272.24,2024-07-25 00:00:00,PayPal,Express shipping
480,163,cstm26-0415,17,3,112.49,337.47,2023-09-25 00:00:00,Credit Card,Express shipping
481,577,cstm26-0026,15,5,156.92,784.6,2024-05-21 00:00:00,Credit Card,
482,40,cstm26-0477,11,4,30.41,121.64,2024-05-02 00:00:00,PayPal,
483,5,cstm26-0152,10,4,94.88,379.52,2024-02-01 00:00:00,PayPal,Express shipping
484,410,cstm26-0134,10,1,77.57,77.57,2024-09-13 00:00:00,Credit Card,Gift wrap requested
485,425,cstm26-0077,14,3,157.2,471.6,2023-10-20 00:00:00,Cash on Delivery,Bulk order
486,282,cstm26-0392,18,4,115.37,461.48,2023-11-04 00:00:00,Cash on Delivery,
487,288,cstm26-0191,11,5,169.44,847.2,2024-10-16 00:00:00,Cash on Delivery,
488,49,cstm26-0106,18,4,56,224,2024-03-13 00:00:00,Cash on Delivery,Gift wrap requested
489,39,cstm26-0329,17,3,53.51,160.53,2024-06-19 00:00:00,Debit Card,Bulk order
490,503,cstm26-0296,15,2,61.61,123.22,2024-01-16 00:00:00,Bank Transfer,Bulk order
491,66,cstm26-0362,19,2,38.85,77.7,2024-02-14 00:00:00,Debit Card,
492,433,cstm26-0311,18,5,123.63,618.15,2024-09-05 00:00:00,Credit Card,Bulk order
493,582,cstm26-0272,16,3,165.01,495.03,2023-07-09 00:00:00,Credit Card,Promo code applied
494,41,cstm26-0223,20,2,106.48,212.96,2024-09-09 00:00:00,PayPal,Gift wrap requested
495,433,cstm26-0227,20,1,123.63,123.63,2023-10-06 00:00:00,PayPal,Bulk order
496,68,cstm26-0024,15,4,124.05,496.2,2023-07-17 00:00:00,Cash on Delivery,
497,258,cstm26-0053,8,5,140.77,703.85,2024-06-14 00:00:00,Bank Transfer,Express shipping
498,509,cstm26-0069,7,5,27.25,136.25,2023-06-28 00:00:00,Credit Card,Promo code applied
499,466,cstm26-0163,17,1,103.95,103.95,2024-03-19 00:00:00,Cash on Delivery,
500,388,cstm26-0083,18,2,83.64,167.28,2024-05-23 00:00:00,Credit Card,
501,558,cstm26-0035,15,4,44.31,177.24,2024-05-29 00:00:00,PayPal,Gift wrap requested
502,430,cstm26-0208,14,3,100.44,301.32,2024-12-05 00:00:00,PayPal,
503,101,cstm26-0418,15,2,97.51,195.02,2023-06-17 00:00:00,Credit Card,Express shipping
504,113,cstm26-0441,11,5,132.1,660.5,2024-12-31 00:00:00,Bank Transfer,
505,194,cstm26-0447,9,2,51.27,102.54,2024-06-29 00:00:00,Debit Card,
506,201,cstm26-0106,16,4,163.3,653.2,2024-06-06 00:00:00,Debit Card,
507,368,cstm26-0036,20,4,24.79,99.16,2023-10-17 00:00:00,PayPal,Promo code applied
508,184,cstm26-0194,19,4,167.55,670.2,2024-09-12 00:00:00,Cash on Delivery,Promo code applied
509,554,cstm26-0251,7,2,158.44,316.88,2023-06-03 00:00:00,PayPal,Bulk order
510,33,cstm26-0491,12,2,64.8,129.6,2024-03-02 00:00:00,Bank Transfer,
511,529,cstm26-0371,10,1,69.43,69.43,2023-12-07 00:00:00,Cash on Delivery,
512,350,cstm26-0083,17,3,130.26,390.78,2023-10-04 00:00:00,Bank Transfer,Gift wrap requested
513,192,cstm26-0325,19,1,67.44,67.44,2024-12-22 00:00:00,Cash on Delivery,Promo code applied
514,401,cstm26-0212,11,3,66.32,198.96,2023-07-09 00:00:00,Debit Card,Gift wrap requested
515,115,cstm26-0399,7,4,65.16,260.64,2023-11-15 00:00:00,Bank Transfer,Promo code applied
516,208,cstm26-0165,11,5,148.29,741.45,2023-07-09 00:00:00,Cash on Delivery,
517,611,cstm26-0484,15,3,143.93,431.79,2024-03-07 00:00:00,PayPal,
518,269,cstm26-0388,10,4,96.97,387.88,2024-07-22 00:00:00,Bank Transfer,Express shipping
519,416,cstm26-0384,12,2,166.42,332.84,2023-10-16 00:00:00,Bank Transfer,
520,121,cstm26-0037,12,4,51.16,204.64,2024-04-07 00:00:00,Debit Card,
521,519,cstm26-0410,8,2,97.46,194.92,2023-09-03 00:00:00,Debit Card,
522,615,cstm26-0160,14,1,142.49,142.49,2024-08-22 00:00:00,Bank Transfer,Gift wrap requested
523,448,cstm26-0374,8,5,134.01,670.05,2024-01-06 00:00:00,PayPal,
524,216,cstm26-0290,17,1,97.35,97.35,2024-01-03 00:00:00,PayPal,
525,37,cstm26-0426,20,5,77.36,386.8,2024-08-01 00:00:00,Cash on Delivery,Gift wrap requested
526,100,cstm26-0377,19,1,81.68,81.68,2024-01-26 00:00:00,Debit Card,
527,210,cstm26-0407,13,5,70.01,350.05,2024-06-16 00:00:00,Cash on Delivery,Express shipping
528,9,cstm26-0381,19,3,53.29,159.87,2024-01-26 00:00:00,Debit Card,Promo code applied
529,275,cstm26-0020,8,2,36.97,73.94,2024-09-20 00:00:00,Cash on Delivery,
530,89,cstm26-0347,20,3,127.77,383.31,2024-05-24 00:00:00,Cash on Delivery,Gift wrap requested
531,423,cstm26-0177,18,4,168.85,675.4,2024-03-24 00:00:00,PayPal,Promo code applied
532,530,cstm26-0227,9,3,73.82,221.46,2023-12-06 00:00:00,Debit Card,
533,306,cstm26-0005,19,2,92.31,184.62,2024-10-18 00:00:00,Debit Card,
534,499,cstm26-0432,15,5,111.29,556.45,2024-05-24 00:00:00,Bank Transfer,
535,450,cstm26-0012,19,5,115.68,578.4,2024-07-15 00:00:00,PayPal,
536,313,cstm26-0058,19,2,95.84,191.68,2023-11-13 00:00:00,Bank Transfer,
537,560,cstm26-0349,15,5,34.26,171.3,2023-08-06 00:00:00,Debit Card,Express shipping
538,440,cstm26-0098,12,3,75.71,227.13,2024-09-07 00:00:00,PayPal,
539,222,cstm26-0451,14,1,150.3,150.3,2024-01-06 00:00:00,Credit Card,Express shipping
540,139,cstm26-0097,15,5,165.58,827.9,2023-08-30 00:00:00,Debit Card,
541,311,cstm26-0458,16,5,90.63,453.15,2024-05-20 00:00:00,Debit Card,
542,346,cstm26-0034,20,3,75.88,227.64,2024-08-02 00:00:00,Debit Card,Express shipping
543,401,cstm26-0106,18,3,66.32,198.96,2023-07-10 00:00:00,Cash on Delivery,
544,405,cstm26-0237,11,5,99.45,497.25,2023-11-28 00:00:00,Cash on Delivery,Bulk order
545,614,cstm26-0285,18,3,28.37,85.11,2023-09-15 00:00:00,Cash on Delivery,Gift wrap requested
546,61,cstm26-0042,20,3,65.46,196.38,2024-12-28 00:00:00,Bank Transfer,
547,457,cstm26-0412,12,2,39.16,78.32,2023-08-02 00:00:00,Credit Card,Gift wrap requested
548,256,cstm26-0367,10,5,63.66,318.3,2024-12-17 00:00:00,PayPal,
549,556,cstm26-0365,12,1,36.76,36.76,2024-09-14 00:00:00,Credit Card,Express shipping
550,558,cstm26-0131,13,4,44.31,177.24,2024-12-30 00:00:00,Debit Card,
551,277,cstm26-0396,14,5,109.35,546.75,2023-11-06 00:00:00,Cash on Delivery,Express shipping
552,523,cstm26-0418,9,4,134.7,538.8,2024-07-15 00:00:00,Credit Card,
553,127,cstm26-0237,10,4,147.41,589.64,2023-12-29 00:00:00,Debit Card,
554,265,cstm26-0302,10,3,102.11,306.33,2024-08-30 00:00:00,Cash on Delivery,
555,587,cstm26-0037,11,1,60.53,60.53,2023-06-18 00:00:00,Debit Card,Gift wrap requested
556,472,cstm26-0122,9,4,158.65,634.6,2024-07-05 00:00:00,Bank Transfer,Express shipping
557,349,cstm26-0202,20,3,106.6,319.8,2023-11-15 00:00:00,Cash on Delivery,
558,133,cstm26-0011,14,2,38.66,77.32,2023-08-30 00:00:00,PayPal,
559,41,cstm26-0019,10,4,106.48,425.92,2023-08-11 00:00:00,PayPal,Express shipping
560,144,cstm26-0451,11,5,75.5,377.5,2023-08-07 00:00:00,Debit Card,Express shipping
561,527,cstm26-0261,13,2,67.79,135.58,2024-06-12 00:00:00,Bank Transfer,Promo code applied
562,72,cstm26-0476,19,4,166.69,666.76,2024-07-15 00:00:00,Bank Transfer,Gift wrap requested
563,540,cstm26-0417,11,5,141,705,2024-12-24 00:00:00,Debit Card,
564,86,cstm26-0087,9,4,23.99,95.96,2023-11-18 00:00:00,Bank Transfer,Promo code applied
565,116,cstm26-0152,10,1,77.5,77.5,2024-06-14 00:00:00,PayPal,
566,466,cstm26-0057,10,5,103.95,519.75,2023-08-03 00:00:00,Bank Transfer,Gift wrap requested
567,588,cstm26-0004,15,4,58.37,233.48,2023-12-07 00:00:00,Debit Card,Express shipping
568,135,cstm26-0114,16,2,168.18,336.36,2024-04-01 00:00:00,Cash on Delivery,Bulk order
569,32,cstm26-0196,13,5,86.11,430.55,2024-10-05 00:00:00,Credit Card,Express shipping
570,288,cstm26-0351,8,2,169.44,338.88,2023-12-09 00:00:00,Credit Card,
571,601,cstm26-0252,7,5,28.06,140.3,2024-06-17 00:00:00,Bank Transfer,Promo code applied
572,256,cstm26-0451,14,5,63.66,318.3,2023-06-30 00:00:00,Credit Card,
573,615,cstm26-0360,9,3,142.49,427.47,2024-02-20 00:00:00,Bank Transfer,
574,452,cstm26-0038,9,3,25.91,77.73,2024-05-03 00:00:00,Bank Transfer,
575,267,cstm26-0214,8,1,146.73,146.73,2024-02-05 00:00:00,Cash on Delivery,Express shipping
576,208,cstm26-0352,13,4,148.29,593.16,2024-07-19 00:00:00,Bank Transfer,Express shipping
577,467,cstm26-0298,14,5,138.54,692.7,2023-06-14 00:00:00,Credit Card,
578,465,cstm26-0020,11,4,99.06,396.24,2023-12-01 00:00:00,Debit Card,
579,113,cstm26-0101,20,4,132.1,528.4,2024-06-24 00:00:00,Cash on Delivery,Promo code applied
580,542,cstm26-0230,15,4,134.89,539.56,2023-07-23 00:00:00,Bank Transfer,
581,283,cstm26-0474,9,4,65.87,263.48,2024-05-22 00:00:00,Debit Card,
582,165,cstm26-0314,17,2,134.56,269.12,2023-10-23 00:00:00,Bank Transfer,Bulk order
583,438,cstm26-0064,9,5,148.02,740.1,2023-10-08 00:00:00,PayPal,
584,581,cstm26-0176,7,2,74.56,149.12,2024-12-09 00:00:00,PayPal,Bulk order
585,62,cstm26-0368,13,3,105.58,316.74,2024-05-16 00:00:00,Credit Card,
586,193,cstm26-0452,11,5,148.47,742.35,2024-10-25 00:00:00,Bank Transfer,Gift wrap requested
587,116,cstm26-0212,13,2,77.5,155,2024-08-09 00:00:00,Debit Card,Bulk order
588,151,cstm26-0183,9,4,33.71,134.84,2023-09-16 00:00:00,PayPal,Gift wrap requested
589,210,cstm26-0285,8,4,70.01,280.04,2024-03-30 00:00:00,Debit Card,Bulk order
590,611,cstm26-0062,12,5,143.93,719.65,2024-05-16 00:00:00,Credit Card,
591,476,cstm26-0262,9,3,68.12,204.36,2024-11-19 00:00:00,PayPal,
592,364,cstm26-0482,16,3,111.21,333.63,2024-09-05 00:00:00,Cash on Delivery,
593,404,cstm26-0314,16,2,139.53,279.06,2024-04-01 00:00:00,Bank Transfer,
594,382,cstm26-0141,19,2,19.4,38.8,2023-11-04 00:00:00,PayPal,Bulk order
595,416,cstm26-0347,12,1,166.42,166.42,2024-01-30 00:00:00,PayPal,
596,376,cstm26-0294,18,4,41.72,166.88,2023-11-11 00:00:00,Cash on Delivery,Express shipping
597,385,cstm26-0464,14,2,60.31,120.62,2024-06-27 00:00:00,PayPal,Bulk order
598,108,cstm26-0090,15,5,72.59,362.95,2023-08-11 00:00:00,Cash on Delivery,
599,241,cstm26-0401,10,5,65.89,329.45,2024-07-31 00:00:00,Debit Card,Promo code applied
600,414,cstm26-0304,13,5,85.67,428.35,2024-09-08 00:00:00,Cash on Delivery,Bulk order
601,340,cstm26-0342,15,3,74.46,223.38,2024-03-26 00:00:00,Bank Transfer,
602,368,cstm26-0455,20,2,24.79,49.58,2024-03-03 00:00:00,Bank Transfer,Bulk order
603,415,cstm26-0134,12,5,154.18,770.9,2024-07-29 00:00:00,PayPal,Gift wrap requested
604,48,cstm26-0095,8,4,97.48,389.92,2023-08-08 00:00:00,PayPal,Bulk order
605,250,cstm26-0479,11,3,107.21,321.63,2023-09-28 00:00:00,Credit Card,
606,34,cstm26-0441,17,2,164.1,328.2,2024-10-13 00:00:00,Cash on Delivery,Express shipping
607,513,cstm26-0239,17,1,130.64,130.64,2024-11-02 00:00:00,Debit Card,
608,152,cstm26-0497,10,1,121.53,121.53,2024-06-20 00:00:00,PayPal,Gift wrap requested
609,404,cstm26-0327,15,4,139.53,558.12,2024-01-19 00:00:00,Cash on Delivery,
610,450,cstm26-0118,16,2,115.68,231.36,2024-08-04 00:00:00,Bank Transfer,Express shipping
611,395,cstm26-0227,11,1,158.56,158.56,2024-12-18 00:00:00,Debit Card,
612,560,cstm26-0150,8,2,34.26,68.52,2023-07-08 00:00:00,PayPal,
613,306,cstm26-0385,12,2,92.31,184.62,2024-03-19 00:00:00,PayPal,Bulk order
614,100,cstm26-0195,12,3,81.68,245.04,2023-11-27 00:00:00,Debit Card,Promo code applied
615,288,cstm26-0355,20,4,169.44,677.76,2024-08-21 00:00:00,Credit Card,
616,430,cstm26-0322,8,2,100.44,200.88,2024-04-24 00:00:00,Credit Card,
617,361,cstm26-0399,13,4,31.08,124.32,2023-12-26 00:00:00,Bank Transfer,Gift wrap requested
618,414,cstm26-0342,10,1,85.67,85.67,2024-02-20 00:00:00,Debit Card,
619,158,cstm26-0295,19,5,113.77,568.85,2023-12-07 00:00:00,Debit Card,Gift wrap requested
620,326,cstm26-0213,9,5,107.13,535.65,2023-11-02 00:00:00,Credit Card,Promo code applied
621,359,cstm26-0027,14,5,35.38,176.9,2024-01-13 00:00:00,PayPal,Bulk order
622,66,cstm26-0430,13,3,38.85,116.55,2024-07-18 00:00:00,Bank Transfer,
623,71,cstm26-0127,12,3,80.28,240.84,2024-07-10 00:00:00,PayPal,
624,178,cstm26-0475,12,2,100.43,200.86,2023-07-27 00:00:00,Debit Card,Promo code applied
625,222,cstm26-0261,14,3,150.3,450.9,2024-01-22 00:00:00,Debit Card,Promo code applied
626,244,cstm26-0211,18,5,21.34,106.7,2024-05-04 00:00:00,Cash on Delivery,Gift wrap requested
627,49,cstm26-0236,12,2,56,112,2024-07-12 00:00:00,Bank Transfer,Express shipping
628,569,cstm26-0296,17,4,65.35,261.4,2023-09-26 00:00:00,Debit Card,Promo code applied
629,582,cstm26-0275,13,5,165.01,825.05,2023-12-31 00:00:00,Cash on Delivery,
630,379,cstm26-0472,19,3,106.38,319.14,2024-11-28 00:00:00,PayPal,Gift wrap requested
631,388,cstm26-0295,18,4,83.64,334.56,2024-05-24 00:00:00,Cash on Delivery,Gift wrap requested
632,360,cstm26-0304,8,4,34.21,136.84,2024-11-24 00:00:00,Debit Card,Bulk order
633,348,cstm26-0024,7,5,100.41,502.05,2024-03-14 00:00:00,Bank Transfer,
634,76,cstm26-0317,8,2,54.86,109.72,2023-11-27 00:00:00,Cash on Delivery,Promo code applied
635,586,cstm26-0465,10,2,32.76,65.52,2024-01-23 00:00:00,Debit Card,Promo code applied
636,548,cstm26-0426,20,1,38.33,38.33,2023-07-23 00:00:00,PayPal,
637,334,cstm26-0381,17,1,104.29,104.29,2024-01-12 00:00:00,Debit Card,Gift wrap requested
638,337,cstm26-0335,17,4,162.43,649.72,2024-04-28 00:00:00,Debit Card,Express shipping
639,612,cstm26-0322,17,3,164.4,493.2,2023-12-27 00:00:00,Bank Transfer,Express shipping
640,235,cstm26-0419,7,3,60.93,182.79,2023-08-02 00:00:00,Debit Card,Gift wrap requested
641,331,cstm26-0316,19,4,21.02,84.08,2024-02-17 00:00:00,Cash on Delivery,Bulk order
642,184,cstm26-0020,9,4,167.55,670.2,2024-10-01 00:00:00,Debit Card,Bulk order
643,316,cstm26-0121,13,4,150.46,601.84,2023-06-04 00:00:00,Credit Card,
644,498,cstm26-0249,16,2,128.86,257.72,2024-07-17 00:00:00,Cash on Delivery,Promo code applied
645,457,cstm26-0266,13,4,39.16,156.64,2023-12-25 00:00:00,PayPal,Gift wrap requested
646,532,cstm26-0321,10,2,36.16,72.32,2023-08-26 00:00:00,Bank Transfer,Gift wrap requested
647,48,cstm26-0464,11,2,97.48,194.96,2023-09-29 00:00:00,Bank Transfer,
648,520,cstm26-0077,17,2,85.3,170.6,2024-03-09 00:00:00,Debit Card,
649,252,cstm26-0410,12,1,77.11,77.11,2023-08-25 00:00:00,Cash on Delivery,
650,4,cstm26-0462,13,1,126.49,126.49,2024-04-25 00:00:00,Debit Card,
651,78,cstm26-0447,13,1,21.99,21.99,2024-02-06 00:00:00,Bank Transfer,
652,4,cstm26-0221,17,4,126.49,505.96,2023-07-10 00:00:00,Bank Transfer,
653,530,cstm26-0487,16,2,73.82,147.64,2023-11-23 00:00:00,Credit Card,
654,544,cstm26-0409,12,2,66.8,133.6,2024-08-29 00:00:00,Bank Transfer,
655,523,cstm26-0462,17,1,134.7,134.7,2024-10-15 00:00:00,Cash on Delivery,
656,412,cstm26-0203,15,5,89.08,445.4,2024-01-09 00:00:00,Cash on Delivery,Gift wrap requested
657,248,cstm26-0172,11,4,66.54,266.16,2024-02-06 00:00:00,PayPal,
658,111,cstm26-0249,9,2,34.45,68.9,2024-05-21 00:00:00,Cash on Delivery,Bulk order
659,527,cstm26-0368,13,5,67.79,338.95,2023-08-11 00:00:00,Debit Card,Bulk order
660,263,cstm26-0172,7,1,64.87,64.87,2024-01-29 00:00:00,Debit Card,
661,153,cstm26-0371,7,3,60.25,180.75,2023-10-10 00:00:00,Credit Card,
662,494,cstm26-0066,7,1,36.56,36.56,2024-12-11 00:00:00,Debit Card,Promo code applied
663,576,cstm26-0396,16,4,73.79,295.16,2023-06-03 00:00:00,Credit Card,Express shipping
664,103,cstm26-0277,15,1,92.05,92.05,2024-03-02 00:00:00,Debit Card,
665,566,cstm26-0255,15,1,143.96,143.96,2024-08-22 00:00:00,Bank Transfer,
666,392,cstm26-0077,20,4,152.74,610.96,2024-08-22 00:00:00,Cash on Delivery,
667,474,cstm26-0329,19,4,33.33,133.32,2024-06-15 00:00:00,Debit Card,Bulk order
668,534,cstm26-0263,13,2,154.89,309.78,2023-07-16 00:00:00,Cash on Delivery,
669,255,cstm26-0104,17,5,61.62,308.1,2023-06-24 00:00:00,Bank Transfer,
670,300,cstm26-0073,9,5,38.63,193.15,2023-07-10 00:00:00,Bank Transfer,
671,379,cstm26-0386,10,2,106.38,212.76,2024-09-27 00:00:00,Credit Card,Gift wrap requested
672,402,cstm26-0222,7,1,121.99,121.99,2023-12-26 00:00:00,PayPal,Gift wrap requested
673,27,cstm26-0300,8,1,20.64,20.64,2023-10-21 00:00:00,PayPal,
674,229,cstm26-0380,12,1,39.67,39.67,2024-04-06 00:00:00,Cash on Delivery,
675,16,cstm26-0046,17,3,111.72,335.16,2024-07-08 00:00:00,Cash on Delivery,Express shipping
676,220,cstm26-0135,16,4,55.43,221.72,2023-08-24 00:00:00,Credit Card,Gift wrap requested
677,17,cstm26-0306,10,2,68.06,136.12,2024-11-23 00:00:00,Cash on Delivery,Gift wrap requested
678,40,cstm26-0132,12,1,30.41,30.41,2023-10-04 00:00:00,PayPal,Express shipping
679,127,cstm26-0452,16,4,147.41,589.64,2023-09-10 00:00:00,Bank Transfer,
680,414,cstm26-0040,9,3,85.67,257.01,2023-09-16 00:00:00,Cash on Delivery,Promo code applied
681,511,cstm26-0156,14,5,39.73,198.65,2024-11-26 00:00:00,PayPal,
682,430,cstm26-0487,16,4,100.44,401.76,2024-03-31 00:00:00,Credit Card,Bulk order
683,150,cstm26-0158,12,3,118.96,356.88,2024-08-04 00:00:00,Debit Card,Promo code applied
684,251,cstm26-0161,19,3,17.32,51.96,2024-02-29 00:00:00,Bank Transfer,
685,38,cstm26-0312,14,3,66.27,198.81,2024-10-14 00:00:00,Credit Card,Gift wrap requested
686,193,cstm26-0044,11,2,148.47,296.94,2024-09-20 00:00:00,Credit Card,Gift wrap requested
687,536,cstm26-0094,14,2,36.95,73.9,2024-07-25 00:00:00,PayPal,Gift wrap requested
688,208,cstm26-0187,8,4,148.29,593.16,2023-08-25 00:00:00,Debit Card,
689,112,cstm26-0297,12,1,91.35,91.35,2023-11-19 00:00:00,PayPal,Promo code applied
690,269,cstm26-0372,17,5,96.97,484.85,2024-06-24 00:00:00,PayPal,
691,159,cstm26-0205,18,2,168.88,337.76,2024-12-23 00:00:00,Bank Transfer,Bulk order
692,39,cstm26-0481,12,3,53.51,160.53,2024-07-04 00:00:00,Credit Card,
693,75,cstm26-0159,16,2,46.39,92.78,2024-09-08 00:00:00,PayPal,Express shipping
694,314,cstm26-0065,18,5,143.14,715.7,2024-04-19 00:00:00,Bank Transfer,Express shipping
695,65,cstm26-0300,16,3,107.32,321.96,2024-03-22 00:00:00,PayPal,
696,20,cstm26-0123,9,5,56.86,284.3,2024-06-19 00:00:00,Credit Card,
697,153,cstm26-0349,16,4,60.25,241,2024-01-10 00:00:00,Cash on Delivery,
698,115,cstm26-0023,14,3,65.16,195.48,2024-08-24 00:00:00,PayPal,
699,298,cstm26-0427,14,4,97.21,388.84,2024-10-29 00:00:00,Bank Transfer,
700,460,cstm26-0006,10,4,44.19,176.76,2024-11-01 00:00:00,PayPal,
701,142,cstm26-0160,9,1,140.26,140.26,2023-09-24 00:00:00,PayPal,Bulk order
702,205,cstm26-0256,14,2,49.85,99.7,2024-08-24 00:00:00,Bank Transfer,Gift wrap requested
703,514,cstm26-0378,7,2,41.27,82.54,2024-02-14 00:00:00,Debit Card,
704,54,cstm26-0270,15,5,20.44,102.2,2023-11-18 00:00:00,PayPal,
705,503,cstm26-0386,11,2,61.61,123.22,2024-02-24 00:00:00,Cash on Delivery,Bulk order
706,40,cstm26-0304,17,2,30.41,60.82,2023-07-09 00:00:00,Debit Card,Gift wrap requested
707,285,cstm26-0261,17,1,25.84,25.84,2023-07-12 00:00:00,Credit Card,
708,574,cstm26-0267,18,2,83.48,166.96,2024-09-17 00:00:00,Debit Card,Gift wrap requested
709,232,cstm26-0343,7,5,76.38,381.9,2024-01-22 00:00:00,Bank Transfer,Express shipping
710,65,cstm26-0245,16,2,107.32,214.64,2023-06-24 00:00:00,PayPal,
711,247,cstm26-0331,8,2,22.29,44.58,2024-10-24 00:00:00,Cash on Delivery,
712,354,cstm26-0043,13,5,68.29,341.45,2024-11-13 00:00:00,Debit Card,
713,242,cstm26-0307,16,3,59.54,178.62,2023-07-03 00:00:00,Debit Card,Promo code applied
714,112,cstm26-0486,9,5,91.35,456.75,2023-11-07 00:00:00,Bank Transfer,Gift wrap requested
715,436,cstm26-0201,11,2,121.15,242.3,2023-09-08 00:00:00,Cash on Delivery,Gift wrap requested
716,555,cstm26-0323,13,5,90.47,452.35,2024-05-26 00:00:00,Cash on Delivery,
717,288,cstm26-0365,20,2,169.44,338.88,2023-06-08 00:00:00,Cash on Delivery,
718,493,cstm26-0405,19,3,164.4,493.2,2024-02-20 00:00:00,Credit Card,Promo code applied
719,88,cstm26-0380,11,4,63.24,252.96,2024-10-29 00:00:00,PayPal,
720,500,cstm26-0268,13,4,107.49,429.96,2023-08-24 00:00:00,Bank Transfer,
721,219,cstm26-0235,19,2,20.23,40.46,2023-10-17 00:00:00,Credit Card,Promo code applied
722,130,cstm26-0322,17,5,43.96,219.8,2024-01-17 00:00:00,PayPal,
723,341,cstm26-0265,12,4,148.57,594.28,2023-11-04 00:00:00,Bank Transfer,
724,570,cstm26-0325,14,4,56.38,225.52,2024-02-20 00:00:00,Credit Card,Bulk order
725,21,cstm26-0312,7,2,54.81,109.62,2024-09-28 00:00:00,Cash on Delivery,
726,421,cstm26-0251,10,5,118.96,594.8,2023-06-18 00:00:00,PayPal,
727,287,cstm26-0390,13,5,144.53,722.65,2024-03-19 00:00:00,Cash on Delivery,Promo code applied
728,207,cstm26-0104,9,5,38.21,191.05,2023-12-31 00:00:00,Credit Card,Express shipping
729,317,cstm26-0281,10,4,124.16,496.64,2023-08-15 00:00:00,Credit Card,Express shipping
730,58,cstm26-0489,11,3,157.49,472.47,2024-10-18 00:00:00,Debit Card,Express shipping
731,47,cstm26-0160,15,3,110.62,331.86,2023-12-03 00:00:00,Bank Transfer,Bulk order
732,526,cstm26-0293,16,4,129.57,518.28,2024-07-07 00:00:00,Cash on Delivery,Express shipping
733,201,cstm26-0010,15,2,163.3,326.6,2024-12-08 00:00:00,Bank Transfer,
734,40,cstm26-0320,19,3,30.41,91.23,2024-06-04 00:00:00,PayPal,Gift wrap requested
735,210,cstm26-0363,10,2,70.01,140.02,2024-12-11 00:00:00,PayPal,
736,432,cstm26-0185,16,1,35.9,35.9,2023-12-31 00:00:00,Bank Transfer,Bulk order
737,112,cstm26-0049,17,5,91.35,456.75,2023-09-22 00:00:00,Cash on Delivery,Promo code applied
738,70,cstm26-0350,9,3,42.52,127.56,2024-01-05 00:00:00,Credit Card,
739,28,cstm26-0471,20,1,122.58,122.58,2024-05-30 00:00:00,Cash on Delivery,Promo code applied
740,573,cstm26-0113,15,3,122,366,2023-11-28 00:00:00,PayPal,Gift wrap requested
741,222,cstm26-0446,17,3,150.3,450.9,2023-12-19 00:00:00,PayPal,
742,173,cstm26-0043,11,2,128.36,256.72,2024-01-21 00:00:00,Credit Card,
743,203,cstm26-0334,17,5,153.64,768.2,2024-11-13 00:00:00,PayPal,Gift wrap requested
744,204,cstm26-0480,14,2,161.74,323.48,2024-10-13 00:00:00,PayPal,Promo code applied
745,494,cstm26-0028,11,4,36.56,146.24,2023-07-10 00:00:00,Bank Transfer,
746,266,cstm26-0407,11,1,138.53,138.53,2023-09-22 00:00:00,Debit Card,Promo code applied
747,405,cstm26-0290,12,5,99.45,497.25,2023-07-29 00:00:00,Cash on Delivery,Gift wrap requested
748,340,cstm26-0347,18,1,74.46,74.46,2024-02-05 00:00:00,Debit Card,Bulk order
749,365,cstm26-0150,14,4,156.84,627.36,2024-08-30 00:00:00,Bank Transfer,Express shipping
750,481,cstm26-0224,9,3,74.9,224.7,2024-05-24 00:00:00,Bank Transfer,
751,352,cstm26-0067,17,5,54.39,271.95,2023-11-30 00:00:00,PayPal,
752,84,cstm26-0259,16,4,147.61,590.44,2024-11-21 00:00:00,Credit Card,Gift wrap requested
753,561,cstm26-0328,15,1,40.74,40.74,2024-04-21 00:00:00,Debit Card,
754,310,cstm26-0320,20,2,90.67,181.34,2024-08-02 00:00:00,Debit Card,Gift wrap requested
755,566,cstm26-0183,8,1,143.96,143.96,2024-05-22 00:00:00,Debit Card,
756,31,cstm26-0130,11,1,114.5,114.5,2023-07-09 00:00:00,Debit Card,Express shipping
757,89,cstm26-0132,16,2,127.77,255.54,2023-09-20 00:00:00,Debit Card,
758,406,cstm26-0044,20,2,122.91,245.82,2024-04-05 00:00:00,Credit Card,Gift wrap requested
759,14,cstm26-0067,7,3,56.43,169.29,2024-10-25 00:00:00,Credit Card,Bulk order
760,93,cstm26-0416,19,2,135.35,270.7,2023-09-03 00:00:00,Cash on Delivery,Gift wrap requested
761,128,cstm26-0291,11,3,112.74,338.22,2024-03-02 00:00:00,PayPal,
762,508,cstm26-0004,8,4,82.12,328.48,2024-09-29 00:00:00,Debit Card,
763,159,cstm26-0472,8,5,168.88,844.4,2024-01-11 00:00:00,Bank Transfer,Gift wrap requested
764,441,cstm26-0444,13,2,114.84,229.68,2023-10-19 00:00:00,Debit Card,Promo code applied
765,405,cstm26-0036,9,2,99.45,198.9,2024-03-13 00:00:00,Bank Transfer,Express shipping
766,170,cstm26-0495,15,5,66.87,334.35,2024-03-11 00:00:00,Bank Transfer,Express shipping
767,203,cstm26-0114,7,5,153.64,768.2,2023-09-12 00:00:00,Debit Card,
768,62,cstm26-0051,16,3,105.58,316.74,2024-07-05 00:00:00,Credit Card,Bulk order
769,228,cstm26-0118,9,2,95.03,190.06,2024-12-14 00:00:00,Cash on Delivery,
770,413,cstm26-0162,8,4,148.73,594.92,2024-04-13 00:00:00,Debit Card,
771,115,cstm26-0424,18,4,65.16,260.64,2024-02-02 00:00:00,Bank Transfer,Bulk order
772,551,cstm26-0459,9,3,133.26,399.78,2023-12-12 00:00:00,PayPal,Bulk order
773,409,cstm26-0458,17,4,67.84,271.36,2023-09-22 00:00:00,PayPal,Bulk order
774,230,cstm26-0446,14,3,128.91,386.73,2024-03-07 00:00:00,PayPal,Express shipping
775,15,cstm26-0244,15,3,129.77,389.31,2023-08-31 00:00:00,Cash on Delivery,Express shipping
776,147,cstm26-0291,12,4,29.41,117.64,2023-11-14 00:00:00,Debit Card,Bulk order
777,242,cstm26-0480,19,2,59.54,119.08,2023-10-27 00:00:00,Cash on Delivery,Express shipping
778,183,cstm26-0025,18,2,152.53,305.06,2024-01-04 00:00:00,Bank Transfer,Express shipping
779,185,cstm26-0370,10,2,143.08,286.16,2024-12-30 00:00:00,Bank Transfer,Express shipping
780,274,cstm26-0417,10,1,138.75,138.75,2023-12-16 00:00:00,Bank Transfer,Express shipping
781,217,cstm26-0304,17,4,38.1,152.4,2023-06-23 00:00:00,Debit Card,
782,82,cstm26-0166,17,3,43.32,129.96,2023-07-09 00:00:00,Debit Card,Gift wrap requested
783,473,cstm26-0240,9,3,60.11,180.33,2023-10-06 00:00:00,Debit Card,Express shipping
784,179,cstm26-0389,8,4,86.39,345.56,2023-07-09 00:00:00,Credit Card,
785,478,cstm26-0313,15,5,108.43,542.15,2024-08-02 00:00:00,Credit Card,Bulk order
786,547,cstm26-0145,8,2,86.46,172.92,2023-11-17 00:00:00,PayPal,
787,85,cstm26-0232,17,3,44.11,132.33,2024-02-07 00:00:00,Bank Transfer,
788,482,cstm26-0371,11,3,135.93,407.79,2023-12-16 00:00:00,Credit Card,
789,138,cstm26-0093,17,5,159.37,796.85,2024-11-07 00:00:00,Debit Card,Promo code applied
790,2,cstm26-0298,11,4,51.45,205.8,2024-04-09 00:00:00,Cash on Delivery,Bulk order
791,340,cstm26-0343,10,2,74.46,148.92,2024-06-24 00:00:00,Bank Transfer,
792,519,cstm26-0349,17,1,97.46,97.46,2023-11-13 00:00:00,PayPal,Bulk order
793,522,cstm26-0138,19,2,55.22,110.44,2024-10-05 00:00:00,Bank Transfer,
794,560,cstm26-0196,15,2,34.26,68.52,2024-02-10 00:00:00,Debit Card,Promo code applied
795,284,cstm26-0188,8,4,41.95,167.8,2024-11-22 00:00:00,Credit Card,Promo code applied
796,98,cstm26-0292,18,4,129.46,517.84,2024-09-04 00:00:00,PayPal,Express shipping
797,276,cstm26-0066,18,1,144.8,144.8,2023-09-07 00:00:00,Cash on Delivery,Promo code applied
798,14,cstm26-0193,14,5,56.43,282.15,2023-06-03 00:00:00,PayPal,Promo code applied
799,573,cstm26-0170,7,3,122,366,2024-07-17 00:00:00,Cash on Delivery,Promo code applied
800,560,cstm26-0426,15,1,34.26,34.26,2024-12-01 00:00:00,Debit Card,Gift wrap requested
801,8,cstm26-0125,16,3,137.69,413.07,2024-05-14 00:00:00,Debit Card,Promo code applied
802,52,cstm26-0359,15,2,96.52,193.04,2024-01-14 00:00:00,Cash on Delivery,Gift wrap requested
803,135,cstm26-0333,19,1,168.18,168.18,2024-08-26 00:00:00,Debit Card,Gift wrap requested
804,333,cstm26-0045,14,4,52.78,211.12,2024-07-24 00:00:00,Bank Transfer,Bulk order
805,48,cstm26-0317,12,3,97.48,292.44,2024-03-08 00:00:00,Credit Card,Express shipping
806,387,cstm26-0240,13,4,169.59,678.36,2024-01-19 00:00:00,Debit Card,
807,438,cstm26-0488,11,3,148.02,444.06,2024-04-17 00:00:00,Credit Card,
808,470,cstm26-0135,18,4,86.02,344.08,2023-08-15 00:00:00,PayPal,Express shipping
809,333,cstm26-0070,20,4,52.78,211.12,2024-09-29 00:00:00,Debit Card,Promo code applied
810,41,cstm26-0004,8,4,106.48,425.92,2024-03-30 00:00:00,Cash on Delivery,
811,219,cstm26-0080,11,3,20.23,60.69,2024-06-11 00:00:00,PayPal,Gift wrap requested
812,347,cstm26-0168,16,5,102.9,514.5,2024-05-04 00:00:00,Cash on Delivery,
813,499,cstm26-0294,20,1,111.29,111.29,2023-08-09 00:00:00,Bank Transfer,
814,270,cstm26-0182,13,4,44.99,179.96,2024-02-18 00:00:00,Credit Card,
815,393,cstm26-0287,7,2,39.41,78.82,2023-10-09 00:00:00,PayPal,Express shipping
816,187,cstm26-0104,10,1,101.48,101.48,2024-10-13 00:00:00,Credit Card,
817,92,cstm26-0496,8,2,43.68,87.36,2024-12-03 00:00:00,Bank Transfer,Bulk order
818,346,cstm26-0181,14,5,75.88,379.4,2024-12-26 00:00:00,Cash on Delivery,Bulk order
819,119,cstm26-0030,18,4,160.59,642.36,2023-06-24 00:00:00,Debit Card,Gift wrap requested
820,354,cstm26-0449,7,1,68.29,68.29,2024-07-25 00:00:00,Bank Transfer,Express shipping
821,168,cstm26-0066,12,1,54.79,54.79,2023-11-13 00:00:00,Bank Transfer,Promo code applied
822,45,cstm26-0494,9,2,27.48,54.96,2024-10-01 00:00:00,Credit Card,Gift wrap requested
823,553,cstm26-0044,8,3,142.61,427.83,2024-06-24 00:00:00,Credit Card,Express shipping
824,348,cstm26-0455,7,1,100.41,100.41,2023-08-20 00:00:00,Cash on Delivery,
825,465,cstm26-0166,14,5,99.06,495.3,2023-11-26 00:00:00,Debit Card,
826,159,cstm26-0170,15,4,168.88,675.52,2023-08-04 00:00:00,Debit Card,
827,221,cstm26-0006,7,2,64.82,129.64,2024-05-04 00:00:00,PayPal,Promo code applied
828,236,cstm26-0285,12,5,139.1,695.5,2023-11-20 00:00:00,Credit Card,Bulk order
829,26,cstm26-0150,13,1,96.87,96.87,2024-04-17 00:00:00,Bank Transfer,
830,273,cstm26-0340,9,4,103.03,412.12,2023-11-25 00:00:00,Cash on Delivery,Gift wrap requested
831,340,cstm26-0246,14,4,74.46,297.84,2024-09-12 00:00:00,PayPal,
832,185,cstm26-0081,11,2,143.08,286.16,2024-09-24 00:00:00,PayPal,
833,17,cstm26-0026,15,4,68.06,272.24,2024-09-27 00:00:00,Cash on Delivery,
834,163,cstm26-0247,14,5,112.49,562.45,2023-12-10 00:00:00,Cash on Delivery,Gift wrap requested
835,383,cstm26-0461,17,2,89.49,178.98,2023-11-20 00:00:00,PayPal,
836,471,cstm26-0393,14,5,114.63,573.15,2024-09-19 00:00:00,Credit Card,Express shipping
837,532,cstm26-0456,8,2,36.16,72.32,2024-04-05 00:00:00,Cash on Delivery,Promo code applied
838,505,cstm26-0472,9,2,140.33,280.66,2024-02-09 00:00:00,Cash on Delivery,
839,211,cstm26-0109,7,2,140.29,280.58,2023-12-27 00:00:00,Bank Transfer,Gift wrap requested
840,375,cstm26-0363,18,5,48.89,244.45,2024-10-11 00:00:00,Credit Card,
841,161,cstm26-0398,9,2,124.42,248.84,2024-11-29 00:00:00,Debit Card,
842,245,cstm26-0441,18,4,100.87,403.48,2023-08-13 00:00:00,PayPal,Promo code applied
843,521,cstm26-0354,8,1,39.98,39.98,2023-07-17 00:00:00,Debit Card,
844,44,cstm26-0424,16,3,63.02,189.06,2023-09-18 00:00:00,Cash on Delivery,
845,418,cstm26-0488,18,5,106.65,533.25,2023-10-12 00:00:00,Credit Card,
846,205,cstm26-0406,14,3,49.85,149.55,2024-04-25 00:00:00,Credit Card,
847,465,cstm26-0406,20,2,99.06,198.12,2024-02-29 00:00:00,Bank Transfer,Gift wrap requested
848,93,cstm26-0036,19,1,135.35,135.35,2023-12-01 00:00:00,Bank Transfer,Promo code applied
849,527,cstm26-0173,19,5,67.79,338.95,2024-10-15 00:00:00,Debit Card,Bulk order
850,414,cstm26-0278,7,4,85.67,342.68,2023-07-23 00:00:00,PayPal,Express shipping
851,236,cstm26-0325,15,4,139.1,556.4,2024-03-25 00:00:00,Debit Card,Gift wrap requested
852,94,cstm26-0151,10,1,141.32,141.32,2023-09-24 00:00:00,PayPal,Bulk order
853,401,cstm26-0061,7,2,66.32,132.64,2024-01-09 00:00:00,PayPal,Promo code applied
854,357,cstm26-0144,15,1,25.19,25.19,2023-10-16 00:00:00,Bank Transfer,Express shipping
855,566,cstm26-0375,19,5,143.96,719.8,2024-03-11 00:00:00,Cash on Delivery,Express shipping
856,131,cstm26-0231,13,2,47.8,95.6,2024-08-26 00:00:00,Bank Transfer,
857,527,cstm26-0030,16,3,67.79,203.37,2024-05-22 00:00:00,PayPal,
858,398,cstm26-0285,16,4,104.57,418.28,2023-09-19 00:00:00,Credit Card,
859,613,cstm26-0030,11,3,71.55,214.65,2024-07-31 00:00:00,PayPal,Express shipping
860,321,cstm26-0414,15,2,103.15,206.3,2024-11-06 00:00:00,Bank Transfer,Gift wrap requested
861,90,cstm26-0442,18,5,63.96,319.8,2023-10-15 00:00:00,Bank Transfer,
862,38,cstm26-0478,14,1,66.27,66.27,2023-11-03 00:00:00,Debit Card,
863,525,cstm26-0296,15,2,17.59,35.18,2024-12-01 00:00:00,Cash on Delivery,Promo code applied
864,278,cstm26-0416,14,5,36.16,180.8,2024-03-29 00:00:00,PayPal,
865,22,cstm26-0371,12,4,36.98,147.92,2023-07-28 00:00:00,Debit Card,
866,542,cstm26-0033,19,5,134.89,674.45,2024-08-20 00:00:00,PayPal,
867,558,cstm26-0234,14,5,44.31,221.55,2024-08-02 00:00:00,PayPal,Gift wrap requested
868,595,cstm26-0250,18,5,78.93,394.65,2023-06-09 00:00:00,Credit Card,
869,5,cstm26-0011,17,2,94.88,189.76,2023-06-19 00:00:00,Bank Transfer,Gift wrap requested
870,552,cstm26-0171,12,3,32.53,97.59,2024-09-30 00:00:00,Credit Card,Promo code applied
871,88,cstm26-0314,11,4,63.24,252.96,2024-11-10 00:00:00,Debit Card,
872,531,cstm26-0357,14,5,101.77,508.85,2024-04-25 00:00:00,Bank Transfer,Express shipping
873,606,cstm26-0154,16,5,21.29,106.45,2024-01-24 00:00:00,Bank Transfer,Gift wrap requested
874,213,cstm26-0274,9,2,115.19,230.38,2024-02-27 00:00:00,PayPal,
875,463,cstm26-0143,18,3,66.98,200.94,2024-12-03 00:00:00,Bank Transfer,Gift wrap requested
876,349,cstm26-0306,10,4,106.6,426.4,2023-10-21 00:00:00,PayPal,
877,591,cstm26-0483,16,2,77.26,154.52,2024-09-23 00:00:00,Cash on Delivery,Bulk order
878,141,cstm26-0413,8,3,116.89,350.67,2023-12-06 00:00:00,PayPal,Express shipping
879,529,cstm26-0423,12,3,69.43,208.29,2024-08-18 00:00:00,PayPal,
880,89,cstm26-0100,12,4,127.77,511.08,2023-11-14 00:00:00,Debit Card,Express shipping
881,454,cstm26-0310,15,4,135.96,543.84,2024-03-15 00:00:00,Cash on Delivery,
882,212,cstm26-0474,15,3,88.97,266.91,2024-01-26 00:00:00,Bank Transfer,
883,336,cstm26-0099,18,5,160.31,801.55,2024-10-18 00:00:00,Cash on Delivery,Promo code applied
884,496,cstm26-0259,8,2,163.9,327.8,2023-06-15 00:00:00,Credit Card,Bulk order
885,244,cstm26-0291,14,5,21.34,106.7,2024-03-23 00:00:00,Bank Transfer,Express shipping
886,410,cstm26-0321,13,3,77.57,232.71,2024-09-13 00:00:00,PayPal,Express shipping
887,94,cstm26-0337,20,4,141.32,565.28,2024-04-21 00:00:00,PayPal,Bulk order
888,129,cstm26-0047,9,1,167.03,167.03,2023-12-28 00:00:00,Credit Card,
889,145,cstm26-0048,15,2,147.53,295.06,2023-12-05 00:00:00,Credit Card,
890,450,cstm26-0187,18,3,115.68,347.04,2024-07-31 00:00:00,Bank Transfer,Gift wrap requested
891,587,cstm26-0077,11,5,60.53,302.65,2024-01-29 00:00:00,Cash on Delivery,Express shipping
892,347,cstm26-0221,16,5,102.9,514.5,2024-08-24 00:00:00,PayPal,
893,483,cstm26-0437,9,3,61.36,184.08,2023-06-13 00:00:00,Credit Card,Gift wrap requested
894,430,cstm26-0274,14,5,100.44,502.2,2023-10-03 00:00:00,Debit Card,
895,575,cstm26-0411,7,5,163.01,815.05,2023-07-08 00:00:00,Credit Card,
896,253,cstm26-0235,16,3,76.01,228.03,2024-02-04 00:00:00,Credit Card,
897,599,cstm26-0020,15,4,65.96,263.84,2024-12-04 00:00:00,Bank Transfer,Promo code applied
898,290,cstm26-0251,15,2,121.73,243.46,2024-11-15 00:00:00,Debit Card,
899,527,cstm26-0388,14,2,67.79,135.58,2023-11-01 00:00:00,Cash on Delivery,
900,315,cstm26-0085,11,1,153.49,153.49,2024-03-08 00:00:00,Cash on Delivery,Express shipping
901,488,cstm26-0414,8,5,60.83,304.15,2024-08-17 00:00:00,Bank Transfer,
902,99,cstm26-0364,14,4,41.61,166.44,2023-12-04 00:00:00,Cash on Delivery,
903,130,cstm26-0356,18,3,43.96,131.88,2024-02-14 00:00:00,PayPal,
904,90,cstm26-0395,7,3,63.96,191.88,2024-10-01 00:00:00,Debit Card,Promo code applied
905,530,cstm26-0438,20,5,73.82,369.1,2024-09-08 00:00:00,Credit Card,Promo code applied
906,50,cstm26-0430,9,5,166.58,832.9,2024-01-20 00:00:00,Credit Card,Bulk order
907,606,cstm26-0120,20,3,21.29,63.87,2024-09-04 00:00:00,Bank Transfer,Promo code applied
908,596,cstm26-0170,20,2,39.56,79.12,2024-09-03 00:00:00,Debit Card,Gift wrap requested
909,370,cstm26-0493,20,3,43.89,131.67,2023-07-17 00:00:00,Credit Card,Promo code applied
910,341,cstm26-0178,9,3,148.57,445.71,2023-07-27 00:00:00,Credit Card,
911,604,cstm26-0049,11,2,55.66,111.32,2023-11-13 00:00:00,Cash on Delivery,
912,209,cstm26-0020,13,1,161.34,161.34,2024-02-12 00:00:00,PayPal,
913,168,cstm26-0295,7,4,54.79,219.16,2023-09-27 00:00:00,Credit Card,Bulk order
914,439,cstm26-0434,20,5,89.03,445.15,2024-12-13 00:00:00,Debit Card,Express shipping
915,592,cstm26-0498,12,2,74.64,149.28,2024-07-20 00:00:00,Credit Card,Bulk order
916,494,cstm26-0170,18,3,36.56,109.68,2024-09-17 00:00:00,PayPal,
917,206,cstm26-0357,10,1,146.18,146.18,2024-08-27 00:00:00,Credit Card,
918,377,cstm26-0430,9,5,69.93,349.65,2024-10-28 00:00:00,Debit Card,Promo code applied
919,415,cstm26-0373,16,1,154.18,154.18,2024-08-31 00:00:00,Cash on Delivery,Gift wrap requested
920,78,cstm26-0079,16,3,21.99,65.97,2024-09-17 00:00:00,Cash on Delivery,
921,189,cstm26-0179,18,2,159.93,319.86,2024-09-13 00:00:00,PayPal,Express shipping
922,54,cstm26-0048,15,1,20.44,20.44,2024-10-26 00:00:00,Cash on Delivery,
923,249,cstm26-0466,12,3,69.39,208.17,2024-12-23 00:00:00,Bank Transfer,Express shipping
924,469,cstm26-0371,17,2,49.1,98.2,2023-07-01 00:00:00,Bank Transfer,Express shipping
925,303,cstm26-0361,19,5,93.42,467.1,2024-05-11 00:00:00,Credit Card,Gift wrap requested
926,474,cstm26-0118,7,1,33.33,33.33,2023-09-16 00:00:00,Debit Card,Promo code applied
927,62,cstm26-0183,16,4,105.58,422.32,2023-07-26 00:00:00,Cash on Delivery,Bulk order
928,538,cstm26-0326,12,2,16.18,32.36,2024-03-14 00:00:00,PayPal,Gift wrap requested
929,191,cstm26-0431,7,1,134.78,134.78,2023-10-23 00:00:00,PayPal,
930,237,cstm26-0282,12,2,108.11,216.22,2024-05-29 00:00:00,PayPal,Promo code applied
931,486,cstm26-0320,9,4,49.65,198.6,2024-11-01 00:00:00,Credit Card,
932,255,cstm26-0373,14,1,61.62,61.62,2024-12-27 00:00:00,Credit Card,Gift wrap requested
933,399,cstm26-0004,14,2,61.36,122.72,2023-08-27 00:00:00,Bank Transfer,Express shipping
934,402,cstm26-0235,11,1,121.99,121.99,2024-10-14 00:00:00,Debit Card,Bulk order
935,266,cstm26-0290,15,3,138.53,415.59,2023-08-20 00:00:00,PayPal,Bulk order
936,15,cstm26-0281,20,5,129.77,648.85,2024-01-06 00:00:00,Bank Transfer,
937,209,cstm26-0041,8,3,161.34,484.02,2023-07-03 00:00:00,Bank Transfer,Express shipping
938,594,cstm26-0128,11,1,148.36,148.36,2024-05-06 00:00:00,Debit Card,Express shipping
939,351,cstm26-0334,13,3,122.43,367.29,2024-03-24 00:00:00,PayPal,Gift wrap requested
940,179,cstm26-0262,13,2,86.39,172.78,2024-12-14 00:00:00,Bank Transfer,
941,531,cstm26-0059,12,5,101.77,508.85,2024-04-16 00:00:00,Debit Card,
942,198,cstm26-0078,13,5,106.03,530.15,2023-11-09 00:00:00,Credit Card,
943,557,cstm26-0464,10,2,101.04,202.08,2023-10-14 00:00:00,Bank Transfer,
944,467,cstm26-0232,15,3,138.54,415.62,2024-07-30 00:00:00,PayPal,Express shipping
945,254,cstm26-0227,17,5,22.5,112.5,2024-03-13 00:00:00,Bank Transfer,Promo code applied
946,132,cstm26-0046,16,1,88.61,88.61,2023-06-04 00:00:00,Bank Transfer,
947,274,cstm26-0029,18,5,138.75,693.75,2024-12-18 00:00:00,Bank Transfer,
948,324,cstm26-0191,10,3,35.67,107.01,2023-06-14 00:00:00,PayPal,
949,573,cstm26-0048,10,3,122,366,2024-06-20 00:00:00,PayPal,Bulk order
950,492,cstm26-0375,8,3,103.89,311.67,2024-05-29 00:00:00,Credit Card,Bulk order
951,160,cstm26-0061,14,2,116.22,232.44,2024-08-18 00:00:00,PayPal,
952,555,cstm26-0040,15,4,90.47,361.88,2024-06-02 00:00:00,Bank Transfer,Promo code applied
953,34,cstm26-0447,11,5,164.1,820.5,2023-10-23 00:00:00,Credit Card,Gift wrap requested
954,450,cstm26-0337,10,5,115.68,578.4,2023-07-16 00:00:00,Bank Transfer,Express shipping
955,104,cstm26-0235,9,1,134.39,134.39,2024-03-30 00:00:00,Bank Transfer,Promo code applied
956,109,cstm26-0027,7,5,133.77,668.85,2024-09-06 00:00:00,Credit Card,
957,192,cstm26-0395,16,1,67.44,67.44,2024-07-13 00:00:00,PayPal,Promo code applied
958,402,cstm26-0337,18,5,121.99,609.95,2023-08-30 00:00:00,Debit Card,Promo code applied
959,375,cstm26-0263,16,1,48.89,48.89,2024-03-22 00:00:00,PayPal,
960,69,cstm26-0251,19,4,159.26,637.04,2024-08-29 00:00:00,Debit Card,Express shipping
961,46,cstm26-0500,16,3,77.58,232.74,2023-10-02 00:00:00,Bank Transfer,Promo code applied
962,316,cstm26-0464,18,2,150.46,300.92,2024-02-04 00:00:00,Credit Card,Promo code applied
963,55,cstm26-0317,15,2,49.2,98.4,2024-07-25 00:00:00,Bank Transfer,
964,371,cstm26-0481,11,1,73.23,73.23,2023-11-22 00:00:00,Bank Transfer,Bulk order
965,346,cstm26-0146,14,5,75.88,379.4,2024-11-16 00:00:00,Bank Transfer,Express shipping
966,274,cstm26-0121,12,5,138.75,693.75,2023-10-26 00:00:00,Cash on Delivery,
967,86,cstm26-0032,14,5,23.99,119.95,2024-01-20 00:00:00,Credit Card,
968,409,cstm26-0228,8,5,67.84,339.2,2023-07-08 00:00:00,Debit Card,Promo code applied
969,468,cstm26-0119,8,1,20.73,20.73,2024-01-10 00:00:00,Credit Card,Promo code applied
970,487,cstm26-0129,19,1,83.59,83.59,2024-05-29 00:00:00,Bank Transfer,Promo code applied
971,607,cstm26-0058,10,1,18.3,18.3,2024-12-04 00:00:00,Debit Card,Promo code applied
972,71,cstm26-0051,15,2,80.28,160.56,2024-06-15 00:00:00,Cash on Delivery,
973,381,cstm26-0292,8,2,53.49,106.98,2024-01-11 00:00:00,Credit Card,Express shipping
974,157,cstm26-0206,13,1,37.91,37.91,2023-06-29 00:00:00,Debit Card,Express shipping
975,558,cstm26-0259,10,2,44.31,88.62,2024-09-13 00:00:00,Bank Transfer,
976,40,cstm26-0258,13,5,30.41,152.05,2024-03-13 00:00:00,Cash on Delivery,Express shipping
977,24,cstm26-0079,14,1,82.31,82.31,2024-12-09 00:00:00,Cash on Delivery,Promo code applied
978,191,cstm26-0252,7,4,134.78,539.12,2024-03-13 00:00:00,Debit Card,Express shipping
979,598,cstm26-0078,7,1,80.14,80.14,2023-07-21 00:00:00,PayPal,Gift wrap requested
980,413,cstm26-0100,20,1,148.73,148.73,2023-08-16 00:00:00,Debit Card,Gift wrap requested
981,41,cstm26-0002,18,1,106.48,106.48,2024-09-06 00:00:00,Bank Transfer,Express shipping
982,484,cstm26-0444,19,4,77.82,311.28,2023-06-06 00:00:00,Debit Card,Bulk order
983,382,cstm26-0213,11,5,19.4,97,2023-11-28 00:00:00,Cash on Delivery,Promo code applied
984,477,cstm26-0353,19,4,164.99,659.96,2024-04-04 00:00:00,Debit Card,Promo code applied
985,273,cstm26-0478,12,5,103.03,515.15,2023-06-23 00:00:00,Credit Card,Bulk order
986,378,cstm26-0082,10,5,133.92,669.6,2023-06-13 00:00:00,Debit Card,
987,224,cstm26-0157,10,5,92.61,463.05,2024-07-26 00:00:00,Bank Transfer,Express shipping
988,241,cstm26-0253,12,2,65.89,131.78,2024-08-11 00:00:00,PayPal,
989,48,cstm26-0402,17,5,97.48,487.4,2023-12-13 00:00:00,Bank Transfer,Express shipping
990,290,cstm26-0374,20,5,121.73,608.65,2024-03-25 00:00:00,PayPal,Gift wrap requested
991,384,cstm26-0400,8,3,79.6,238.8,2023-12-17 00:00:00,Credit Card,Bulk order
992,130,cstm26-0446,9,3,43.96,131.88,2024-05-07 00:00:00,Credit Card,Gift wrap requested
993,499,cstm26-0107,13,1,111.29,111.29,2023-09-02 00:00:00,Credit Card,
994,199,cstm26-0027,17,5,53.07,265.35,2023-12-06 00:00:00,PayPal,
995,262,cstm26-0217,18,1,82.27,82.27,2024-04-15 00:00:00,PayPal,
996,316,cstm26-0449,17,4,150.46,601.84,2024-06-12 00:00:00,Bank Transfer,
997,377,cstm26-0312,14,4,69.93,279.72,2024-03-14 00:00:00,PayPal,Express shipping
998,65,cstm26-0084,16,2,107.32,214.64,2024-06-11 00:00:00,Cash on Delivery,Express shipping
999,283,cstm26-0058,12,5,65.87,329.35,2024-04-08 00:00:00,PayPal,
1000,436,cstm26-0319,11,5,121.15,605.75,2024-11-14 00:00:00,Debit Card,Bulk order
